Source,Target,Type,Id,Label,timeset,Weight
50e9b6119a7c3b917c55ab549085d844,a076ae1694ca9b2efa9de8b64337cd4d,Undirected,0,,,1
81312719736df32e2527f3c1da30e72b,5fe56bddc0a07bad9114b47e2a8f1749,Undirected,1,,,1
aa4c9e6bd95fc128e2b67a7c2140fc13,3858c05d45d8cee6b83be5dcf1b6fa7e,Undirected,2,,,1
503cac05a12970a9a3a1be0f3b06c631,6d58fa09e88f15452fa9133a8d09e73c,Undirected,3,,,1
89668e1051f50aac9014e8812caecb6a,792c196093158582b2f4018c471a2122,Undirected,4,,,1
7901b8c1b9bc510fd54bec8a2ea5f1bc,2c28df11ad4cf923abaa8e3e5c87e4e7,Undirected,5,,,1
c253fc0b84ca81b1a06db507c795e0e4,6692f8698726d989c9d62db50eb89edd,Undirected,6,,,1
6bdb0807dac96efb7ff05a7352ecbff0,aefed463b29659030bda55ec9a822b42,Undirected,7,,,1
b0e2f6f9233446e324fec69d58204bcf,c04031b7ee2468febd9b5e1cb08f0b51,Undirected,8,,,1
b5b8e5b4962f58360cb8efe6259b8c45,87c2f86ebe4035fe4ce390ec84727ab2,Undirected,9,,,1
1ce7a301924275c2c48061069e5f083f,6b11aef774aa490eaf1d9206f2b5c32e,Undirected,10,,,1
8258c9ac0b8e2657177d178e4a1bccbb,a0e32cac6d55845325d5b07c88dbea2a,Undirected,11,,,1
015e56e391e3625614272a0e79b02ff8,3fd983f453d7b817bd77e2535b3314df,Undirected,12,,,1
d19902e353967ee3a2dfd5714a3c5d3f,37985e2b22e0d52e39436761df51b6f7,Undirected,13,,,1
295b56242664d277605a310194edb633,c07f75d997f581df9740d8c2ea652c9f,Undirected,14,,,1
b40066c154dd8f03e517fd35e9cd0520,31e750e49f5ad6d6fbb769c8f3a5f0c3,Undirected,15,,,1
f79819d8092a239faf3988f21e172159,12237a549f55de2bb4282021fab93c17,Undirected,16,,,1
2985550672a50c0670762bf81361eb1d,3401874d22456c2bfefb111a61290fce,Undirected,17,,,1
4acfa278647f4f05904babeeac0857a7,40a1569ffd8f730b83b53533c2203e8d,Undirected,18,,,1
5e9baca3e71dfd3faefca822aa6913b7,60102f99738244b6da730c6aba5030f3,Undirected,19,,,1
b510c50841e85e93349c71117b74f778,fc2a5c360336a3a497ae690d7c3f7d5a,Undirected,20,,,1
3d4603f72de804810b64af7ade2cf92c,1af2045427bf8ee73f4fde63b1668999,Undirected,21,,,1
c1a5f36b78f5b6887c79f5c05249f75d,92879ea0b65d68c87cfc4bd23e9a50fd,Undirected,22,,,1
3aab75d242188ccba3496c81f5345fb1,1765364567d1b526bfb46799133b1af5,Undirected,23,,,1
97ce540153997d3419f1cd767978d7e4,9bc92bb3e26cd50d8d505a778bcfd599,Undirected,24,,,1
3005984c20fd4f5eea59635fab013be5,5c979f4038ecb3268930648eddf91e88,Undirected,25,,,1
86327e341d9bc917fb0e2321ad7881fd,6e5d6f5da3810eb9eff4c22f965a30ad,Undirected,26,,,1
56987ca64f9d8f88764be7a6f163937a,ab71bdc854fa4e87dac25f559b026f1e,Undirected,27,,,1
96020488766fd14acab6fc29012f6fbb,c4fe2aabf16e4c8f922c14f0ce9245d1,Undirected,28,,,1
341f5dec5b59d3307968d47dbb746fa4,35f579a97a44d2b74b7263552cd00124,Undirected,29,,,1
5c9339d9cf3444efbcc5bdccdb7cf4fc,82b9bf942970bfc1ec67d1fd0bbdaf51,Undirected,30,,,1
8a4a9c341b51a496879d1c54a0cac53a,049bbcbb4c074eede7a2b41766310551,Undirected,31,,,1
52a21e3bff135eb8ffa4ba6fb821f09d,e8f2cc7532a1d5d14b4d5671768d6c16,Undirected,32,,,1
179f50f2b634247036d3cc1676ff1bc3,228bb57dc3b972c76db21a9e0095e49e,Undirected,33,,,1
2a129447cb7bff6dfacfb1fc72414b82,a5504305f5248e4615840a98dc962da6,Undirected,34,,,1
ffb9b162ad9b275730521df721afdf11,f8cbf140703395d97352d39e8a5ff217,Undirected,35,,,1
ca9945b0fedd258b0709728514fafca1,f0678c15eb8be31d1debe2955fe8fdd2,Undirected,36,,,1
4553d9088ce2cc68e333f041fe48ad29,c04610a1745cc7c1ca33a1dfb978c2f3,Undirected,37,,,1
2750c56da6b5b91ef6910f20b993b76e,0928ee5ed7e8ac863f3403f998987ecd,Undirected,38,,,1
69e8ecbf6a36b6af9255b0e8f8ea13c5,d32700d445efbe5b094c4fc523b6ac75,Undirected,39,,,1
4eac0d75ce3d20ff5423f4512e05197b,356d32240ef3649fa9bddc69f85446e6,Undirected,40,,,1
c8bb60366bc73c29037c6e409e3b28b8,cddc9d328e66ab0043760ebfe0f7395a,Undirected,41,,,1
c5b74227bc6e1eb4a474f49d2aa5a875,07949dbdbaa97498dfa6998ab74ed051,Undirected,42,,,1
9a0c571054d977083acd4ba347620816,5680a936a46d029b60e84f03ee4c7a96,Undirected,43,,,1
5a243aa5917ba719783fd2aa892768da,e4b2e23b31ff30752385e84c5eca9386,Undirected,44,,,1
2726b0873b1d0a4d062616adb5ce882f,7ae93e5eea9bd79a8daf0feaab247805,Undirected,45,,,1
4478ba998de2b3f92b8b896188e79368,cf73f9d55b04f541c7616420e50395f5,Undirected,46,,,1
6ae2e66b3dfaca6bb6d02e5717dd42c2,792c196093158582b2f4018c471a2122,Undirected,47,,,1
98fcf8ec93160396d8ba58f8bdb457b3,da1664214278dfd11f070c1e80f538aa,Undirected,48,,,1
793edfe9a8abfe1649a2fe30f4bd0479,6d58fa09e88f15452fa9133a8d09e73c,Undirected,49,,,1
77517b2759dec171b5da99924a926140,6b11aef774aa490eaf1d9206f2b5c32e,Undirected,50,,,1
8b0dc60ebaa6a91657f26025745a19b1,c04031b7ee2468febd9b5e1cb08f0b51,Undirected,51,,,1
e8c17ed123cf50b4effa6f3f63d14bf2,3fd983f453d7b817bd77e2535b3314df,Undirected,52,,,1
83de5690a87f2acd4312228552605bf5,aefed463b29659030bda55ec9a822b42,Undirected,53,,,1
da7f052d8f837c327c3b2f79ac71d71f,87c2f86ebe4035fe4ce390ec84727ab2,Undirected,54,,,1
63b82cbb1e4b6d82ffe7a8c6ee7c3524,0113430b0f045de18a60ab2135c747e0,Undirected,55,,,1
570e8d6d0b99dcbf624a474c651420af,6692f8698726d989c9d62db50eb89edd,Undirected,56,,,1
2116a00cd95545d6da6acd17144d9974,ae158ac0197851dbe5476c597f636d21,Undirected,57,,,1
47aad5e4fd388041033708ee44219b08,0113430b0f045de18a60ab2135c747e0,Undirected,58,,,1
056ff478ec7664f194902b55e3d515bd,434148d456a29663118e86b0e64f9fcf,Undirected,59,,,1
947fc73699f2508de7a4f666799adf5d,0113430b0f045de18a60ab2135c747e0,Undirected,60,,,1
b17cfcb9bc842ee25fca6eafe8dda102,0113430b0f045de18a60ab2135c747e0,Undirected,61,,,1
e4a5d56d0bdf1c6c04a61364276f4a0b,0113430b0f045de18a60ab2135c747e0,Undirected,62,,,1
b03003fb926691ecb81a1a5cecfea0b1,0113430b0f045de18a60ab2135c747e0,Undirected,63,,,1
6109e8523296cc91c6ced78420d46608,0113430b0f045de18a60ab2135c747e0,Undirected,64,,,1
93719619d73dddf5d622f8f61e4a0af9,176124e10aed06c3fc4e30fd2602191c,Undirected,65,,,1
9ef1373632409dd6826113a1cb41c202,0113430b0f045de18a60ab2135c747e0,Undirected,66,,,1
44cbaeda1b118f3e6c34f73d5bc8e5ca,0113430b0f045de18a60ab2135c747e0,Undirected,67,,,1
c6134515aff7dad31cb779c778c8b04c,0113430b0f045de18a60ab2135c747e0,Undirected,68,,,1
14d47b3aa6bd99004a81b38003cd4471,0113430b0f045de18a60ab2135c747e0,Undirected,69,,,1
35383539425cdaeb40f556ce697fc40d,0113430b0f045de18a60ab2135c747e0,Undirected,70,,,1
50ad9fc1b07446a26b9fe8d26ef34ded,0113430b0f045de18a60ab2135c747e0,Undirected,71,,,1
37636c5c7dd1e4a7bd60fb65d539c336,0113430b0f045de18a60ab2135c747e0,Undirected,72,,,1
9534cfde25d7f3f57259725541576ed7,2bdc26138771e3d7e8bb5698d3772360,Undirected,73,,,1
dc86a81b950de5c9c7ec17aece21a528,c0f15b0a7c2ae232891091b1405e9308,Undirected,74,,,1
123cea47fcf91bb60bf738a7fc032444,c0f15b0a7c2ae232891091b1405e9308,Undirected,75,,,1
743cdd99b63a775683feea4ae3afe9d4,c20ee5c651b72041add716ed06d4c292,Undirected,76,,,1
0ebbdb1aa5d63e19ea7025e7cec44022,26c902024ef104d0336ff5713b4a1e52,Undirected,77,,,1
1ed1e1f1d272f3696aa5353a27480c71,0113430b0f045de18a60ab2135c747e0,Undirected,78,,,1
cec3d93a1e3533c78beaacc7e369aefb,29c6cc8a3d3ed33980c51e5a999f6c9a,Undirected,79,,,1
d9131d1e8f86ebc47f3f891a695900e8,29c6cc8a3d3ed33980c51e5a999f6c9a,Undirected,80,,,1
af6a995092da361954ed002dc01abf8e,0113430b0f045de18a60ab2135c747e0,Undirected,81,,,1
d21476fa6405cd5cbcf9606a79766fdb,7e8823f1a8b0a5ac89846a6600a1d036,Undirected,82,,,1
f8136696d7439aa53f17c503aaf7f4b4,806187f73f25813d999c0cec884b4511,Undirected,83,,,1
5c6fa14f30399fdcc06ecabf1b45cab2,806187f73f25813d999c0cec884b4511,Undirected,84,,,1
5cc8f8091d8e94173f54bef8a91fa02f,03b03246a0cac51acc9a8eb2c32c8c60,Undirected,85,,,1
d634186350f2f822c3f1789815ecf640,2139b9ea4d7449c735882b52bb4cba83,Undirected,86,,,1
c81d7586ce5ef283367f05a1d3640b7c,0456dd7a5ddd747d29aa549632ee859e,Undirected,87,,,1
d2eca368d798bbe80bcfaf6edc8a704f,ecfa16580cc6a45bd9c78802f00faab1,Undirected,88,,,1
66e60f88cb40d5825ea45ef2dc154865,250c80cef5fc24522cb4d0df0e2e94ae,Undirected,89,,,1
6991c3ba0c188b3f9af7d93f141da7a9,154802e7285346a32b129ed8d0e089db,Undirected,90,,,1
8553a3364059e2bc061194f440e45049,8402a96605f42ab157ea50aeb48a37c4,Undirected,91,,,1
ba7b28fa8ee23278e3144d92a9206935,ff0d5bb0fddad85be0286611a2afbace,Undirected,92,,,1
56013dcc251ccc8f074dc2ca3b57283c,51f997474100e8920d6001e9163521da,Undirected,93,,,1
09d626a1ae2e58e1cb8521f2039fb199,24b5926c43456bbdb8ef0a0f93ab67d9,Undirected,94,,,1
2560b6ff494370a525041810094adf68,ff0d5bb0fddad85be0286611a2afbace,Undirected,95,,,1
9a8b6914b0ad9be8cb00b6fe63712392,844d895ea09cd6206274448985c32d8d,Undirected,96,,,1
ae9edf79ed5353704e4d4e1e8ed4fed0,2dcc1ee68df47dc56ba3990f5347cf56,Undirected,97,,,1
56c41f92c5717ca482eabc84b2607ade,9c3ac23d78c95c7553c4fb9d69f622c8,Undirected,98,,,1
6fc36776f0e25f3d24c3b1f3c180f734,5d3b9fd28c29000bb947dfaf347fed27,Undirected,99,,,1
2540656a598c380ffbf74ff409bfafdb,62362ff764205e93bbfba3a5f613187b,Undirected,100,,,1
c1bf6148580d475baeb0abdbb5fe7d74,79517b6ec24ae79904243983df6fa8ba,Undirected,101,,,1
b24413a29829d1a062f958d4d2bd9e6e,cde76fb637afb3dc76541c635cf65eda,Undirected,102,,,1
49748bb0202c08899e382afea37dd2ff,2dcc1ee68df47dc56ba3990f5347cf56,Undirected,103,,,1
0d57d44981ecf171842015e40ae3403c,5d3b9fd28c29000bb947dfaf347fed27,Undirected,104,,,1
5f2f1604e9497fe8dc995b7fb249baca,9c3ac23d78c95c7553c4fb9d69f622c8,Undirected,105,,,1
2ee0d52a2b36a8fbba07ea3a76389b15,62362ff764205e93bbfba3a5f613187b,Undirected,106,,,1
93fa517ab160c519d06df119a0b3bf6b,79517b6ec24ae79904243983df6fa8ba,Undirected,107,,,1
50a9b17eee78d7c77636dcbe71babdd6,cde76fb637afb3dc76541c635cf65eda,Undirected,108,,,1
e4b6d6e522463d70b5a57a6b367bffbe,ecfa16580cc6a45bd9c78802f00faab1,Undirected,109,,,1
3afad6ea7ac2711fe5738353bb75af52,250c80cef5fc24522cb4d0df0e2e94ae,Undirected,110,,,1
08373b0a90329908a6456399420bea99,154802e7285346a32b129ed8d0e089db,Undirected,111,,,1
b8a0b66d6ff8a55ef72e5c0112309832,8402a96605f42ab157ea50aeb48a37c4,Undirected,112,,,1
b601db1c492f13638f3d1af034b21448,ef9e0953be43b26971f3f1ec1bc7c36d,Undirected,113,,,1
2f4356f0f3c2fa52d4853ad41a287c7b,4961f2ece813df28c697403c2cfc859c,Undirected,114,,,1
d36800cb3aa8b49d2cef1e1eb7fc5075,2bdc26138771e3d7e8bb5698d3772360,Undirected,115,,,1
2d04f47fd3debf45d069c490b2b3054d,8b62606d1ac820eab66a8ebd67fe3f6a,Undirected,116,,,1
55fca4c3a35bee77615ff97c4cc10320,b9dc6743e53cfdc07e156e2b7b0e2e71,Undirected,117,,,1
c42b7487313609784df914022098a547,e76a73c35a4f1a0b2e544f82a21f4fd8,Undirected,118,,,1
51c9828dd36846483269ed5c6c56e50e,91afc22de0c40cee47e2217d87edd359,Undirected,119,,,1
bb9db8c7972f90b1947bfe8dad6f218a,cfb191bc5078d032b7449a954c5f54a7,Undirected,120,,,1
e325fdd54465ed14e48e97fd32cbde93,cfb191bc5078d032b7449a954c5f54a7,Undirected,121,,,1
feb300b2451d9bd50451da1997eef46b,cfb191bc5078d032b7449a954c5f54a7,Undirected,122,,,1
da26873dabaab5ef3bacc859041159fc,5a3c1969204c83f2428e0dac6d673aaa,Undirected,123,,,1
0ac0d4a66149dc0ba126d39ddb1b2aa8,f34e85a6c2b5115415cba58ca7af8a13,Undirected,124,,,1
d37565d2585aa45094c139cca6975002,a3db54a510822deb7419769d9dc4f66f,Undirected,125,,,1
09a3f86aaa5dfb96466c20ae8e885279,13ce690dab9e70f302993ba0fc2c6c8d,Undirected,126,,,1
432f9b40af02e88659d8633ac0c775f5,b40be6b8192eeb2580277898bd544aa5,Undirected,127,,,1
974be5d9160c0a0b061357a13c2c610a,b48d39c342df0f9a60540864ca2a506f,Undirected,128,,,1
71604e673c31b3f02fcc444057f834ae,9da8f406b1cbe0754a81995a7b6d0fa3,Undirected,129,,,1
f1230d65c040a3908f1b33002daf5b0b,b48d39c342df0f9a60540864ca2a506f,Undirected,130,,,1
afb58e51e9d5b2f27725d93aa79f3c82,a3db54a510822deb7419769d9dc4f66f,Undirected,131,,,1
8e3710eb2157f8b3aa5640afaa2b2325,548880c199ff56ef6db11e3419960325,Undirected,132,,,1
0fc150737aa9c71dd2fd421077acffd1,72ebf530793e2410260b5de93d8b17c3,Undirected,133,,,1
e8d351b9d716b6e72b7cae4d46c7fb08,33b89c86ddf7388ed45edae56fa385f1,Undirected,134,,,1
05da9cc3cd2bf7a239ca02f8b81873c5,a336c17168bb1699723fdf563bebe887,Undirected,135,,,1
41d963d931b839dff03048e4bcb5cd54,f7f718a6a0004d77a8e9e4d4cb26a969,Undirected,136,,,1
7c02463ebab6278f8686dce36cbf431c,c7b64fe2bb7fd99c922a2d298841a502,Undirected,137,,,1
b85334b0cf45cdb72095c7f5f2fcac76,c7b64fe2bb7fd99c922a2d298841a502,Undirected,138,,,1
fd6b3704edc41e93e4b929d3fe5006fd,c7b64fe2bb7fd99c922a2d298841a502,Undirected,139,,,1
61cf00bde41d5fa66292cf11ab57711d,c7b64fe2bb7fd99c922a2d298841a502,Undirected,140,,,1
f23410d7d5e075f97d4ed141846ac906,ecce6ce25372014e3b80a7fd6d35322d,Undirected,141,,,1
eba3f74739fa98024679e04514f4a276,ecce6ce25372014e3b80a7fd6d35322d,Undirected,142,,,1
cdee23f69e9c6b2833290d8ca1e92ed7,ecce6ce25372014e3b80a7fd6d35322d,Undirected,143,,,1
a9006c804c19461dc88024c662406749,c7b64fe2bb7fd99c922a2d298841a502,Undirected,144,,,1
a84850ac67d4f26404cc77b53827a480,c7b64fe2bb7fd99c922a2d298841a502,Undirected,145,,,1
abf82ac17e740562cf3b05d9ccc7066d,2d5df810a6b301ca4779d0cc20972441,Undirected,146,,,1
a22a0b32cc6e3c1a0d8dd16c455474c3,c7b64fe2bb7fd99c922a2d298841a502,Undirected,147,,,1
4177849a11f63a89638547f07b86c098,83e258febf255ef855d99db4dfdd3c68,Undirected,148,,,1
492df90081727fffc8ac59f4893420d7,86fa152b9734ba2e01843b02859519f0,Undirected,149,,,1
cebd83c97387ef06226941314c6a2ea0,b4139cb9717b9b7100f708574fc793ac,Undirected,150,,,1
2e1b6cd61b7b6eb9fad88c132976d13a,b28a0b2f508383d2b7e74654bf933265,Undirected,151,,,1
1f9d2a2f910dffe23da77263d47eeb4d,a0e32cac6d55845325d5b07c88dbea2a,Undirected,152,,,1
0f41993159f699d1783386fcfa37d745,37985e2b22e0d52e39436761df51b6f7,Undirected,153,,,1
9f8321ad6f7368bed06919e70e28104a,451fd4b356d5b89ed418fcf8b8e3590a,Undirected,154,,,1
f21d3fd7e03c73d78aae1e211dce7084,fa112907055fcae425deded76e67abca,Undirected,155,,,1
e3183a18cb4eb80438273e8d19da9eeb,a15ca03644dcadfadd86432e5593e5e3,Undirected,156,,,1
ec93565a2344052467ed4fff0634645a,e4b2e23b31ff30752385e84c5eca9386,Undirected,157,,,1
18c561d090ca78a0d2a9be57c7feb9f3,6d58fa09e88f15452fa9133a8d09e73c,Undirected,158,,,1
fac23a33b2224e2a96dd3b1ce24d6eb1,1af2045427bf8ee73f4fde63b1668999,Undirected,159,,,1
5d4a70a4a8e1832f64895f673acab749,a076ae1694ca9b2efa9de8b64337cd4d,Undirected,160,,,1
774839d56c7df39f8a424883b7429444,3858c05d45d8cee6b83be5dcf1b6fa7e,Undirected,161,,,1
13486a49f735dc8437b3f77947a538c0,92879ea0b65d68c87cfc4bd23e9a50fd,Undirected,162,,,1
40d04ee77da518ce184ebdba965b3f53,5fe56bddc0a07bad9114b47e2a8f1749,Undirected,163,,,1
faf3e08d59de216bddf01fb35e21204f,fc2a5c360336a3a497ae690d7c3f7d5a,Undirected,164,,,1
8d22ea0951943628328588393cc0ed34,5680a936a46d029b60e84f03ee4c7a96,Undirected,165,,,1
667daddf1e935774eca663c4089249ab,c20ee5c651b72041add716ed06d4c292,Undirected,166,,,1
a9efe5267b913817f7c942c30c6c4153,228bb57dc3b972c76db21a9e0095e49e,Undirected,167,,,1
d8b763bd97368661a04f821f4051c02e,9bc92bb3e26cd50d8d505a778bcfd599,Undirected,168,,,1
39d210d33daa75a8adc3c458cb0d7c65,5c979f4038ecb3268930648eddf91e88,Undirected,169,,,1
edbdb0183ec2ac1d537f4f0c7115b29c,6e5d6f5da3810eb9eff4c22f965a30ad,Undirected,170,,,1
01dac3967e8d541a26c0fa258059122a,35f579a97a44d2b74b7263552cd00124,Undirected,171,,,1
aee91cd66e1d21fcd42e76bbe68c1f0e,82b9bf942970bfc1ec67d1fd0bbdaf51,Undirected,172,,,1
2c4ed815e97ece77c5e9af427170fced,356d32240ef3649fa9bddc69f85446e6,Undirected,173,,,1
27fd0b0004ce57af79c1e557c2cfbd2f,f8cbf140703395d97352d39e8a5ff217,Undirected,174,,,1
e276d7606bf64fb621b3d76b5da2e846,c04610a1745cc7c1ca33a1dfb978c2f3,Undirected,175,,,1
a6ec5f08ad891c3d3082ae998dd335d2,0928ee5ed7e8ac863f3403f998987ecd,Undirected,176,,,1
999487927d56fae314b4d6582c4f2200,c4fe2aabf16e4c8f922c14f0ce9245d1,Undirected,177,,,1
f042204301a68f27f987a83e1294a4e4,049bbcbb4c074eede7a2b41766310551,Undirected,178,,,1
554d1e80660a4841720b89f39c1a88b0,e8f2cc7532a1d5d14b4d5671768d6c16,Undirected,179,,,1
657a3deeca55023a44bb4209de6adb58,d32700d445efbe5b094c4fc523b6ac75,Undirected,180,,,1
ac41a78b920ba99276775bf734d3321b,ccdbb1f3a9cff32dc4e5981d99936f5e,Undirected,181,,,1
283e3109bf96eeda31c0cb34426aa5e0,bc4fd1aa1ce6bb586de8c193a8855a92,Undirected,182,,,1
fd7d77ef930ce36d8a565463822dcee6,c7b64fe2bb7fd99c922a2d298841a502,Undirected,183,,,1
967464982f5ab937946fd4cd28d2a44b,4961f2ece813df28c697403c2cfc859c,Undirected,184,,,1
d436310d309bd93a9a9d709e4486c566,91afc22de0c40cee47e2217d87edd359,Undirected,185,,,1
c1788f122f8575acfbb29f50d9b62756,a3db54a510822deb7419769d9dc4f66f,Undirected,186,,,1
d1cecd8bcb08ee33a99481d287f2e112,2c28df11ad4cf923abaa8e3e5c87e4e7,Undirected,187,,,1
e0ab14b6efb2acc50fcc467579deadb5,fa112907055fcae425deded76e67abca,Undirected,188,,,1
b64bc0ff76975662a6ffd548b97f966b,68d97f7c1dfe5e704cb6b2a55ced9537,Undirected,189,,,1
aab82937d6e3ec11ddd573e893994fa2,09296cd3d875ce23d474abb148be1a62,Undirected,190,,,1
bcf5b2a807eca3e12dd2632d002efa78,434148d456a29663118e86b0e64f9fcf,Undirected,191,,,1
59e1e9f63437a196edefc617e86cdd81,3401874d22456c2bfefb111a61290fce,Undirected,192,,,1
1e114b4b5f4441728ab8019a125c1c1e,c07f75d997f581df9740d8c2ea652c9f,Undirected,193,,,1
bbf28b069e801811ee39272b48b0b41c,12237a549f55de2bb4282021fab93c17,Undirected,194,,,1
e77c307683d3a2504315f6d86cdb33dd,31e750e49f5ad6d6fbb769c8f3a5f0c3,Undirected,195,,,1
8eba97101fa38feaa8334d4bd54d4951,f7f718a6a0004d77a8e9e4d4cb26a969,Undirected,196,,,1
75b114d846857d18fcf221998217ed97,40a1569ffd8f730b83b53533c2203e8d,Undirected,197,,,1
c05680f1c6c81adbec050653a00a4e41,792c196093158582b2f4018c471a2122,Undirected,198,,,1
0642a77dcac4cfcee59d0de9f02b33d5,1765364567d1b526bfb46799133b1af5,Undirected,199,,,1
597aa4363040f00f061183209656f30b,a5504305f5248e4615840a98dc962da6,Undirected,200,,,1
e265ee924f00e599db56d649accc4cfb,ab71bdc854fa4e87dac25f559b026f1e,Undirected,201,,,1
7e167e40863efcaca4dcae558f1a98f3,cddc9d328e66ab0043760ebfe0f7395a,Undirected,202,,,1
bf7fb6246d1324175d40d456044de7da,07949dbdbaa97498dfa6998ab74ed051,Undirected,203,,,1
b500f0d73a78c3e23f17faf9252a9ae9,f0678c15eb8be31d1debe2955fe8fdd2,Undirected,204,,,1
724f9d653dee6a8c9e5963719686b75d,6c9cfdabcce16692d9872b395f4c0188,Undirected,205,,,1
16b7aa5925a7e69193a1aeed38092945,6c9cfdabcce16692d9872b395f4c0188,Undirected,206,,,1
f09c1179cc305aca108de200a1b306d7,7ae93e5eea9bd79a8daf0feaab247805,Undirected,207,,,1
3b166ded2055f3a02a370bc787e66c03,cf73f9d55b04f541c7616420e50395f5,Undirected,208,,,1
5997522bc4c732ef081b8ec0ae3b4407,60102f99738244b6da730c6aba5030f3,Undirected,209,,,1
2f28f034e0c1bd48b4d1e25ea8756183,7e8823f1a8b0a5ac89846a6600a1d036,Undirected,210,,,1
d5e6eba2c510187e85a310a3a5c65f1b,0456dd7a5ddd747d29aa549632ee859e,Undirected,211,,,1
461da85dbc95fa0f90d1b6a65c2e96b3,844d895ea09cd6206274448985c32d8d,Undirected,212,,,1
c12c7fdc2aed2926b6a706337761ad7f,806187f73f25813d999c0cec884b4511,Undirected,213,,,1
5619b630b219aa4045e4aee605d6ef61,2139b9ea4d7449c735882b52bb4cba83,Undirected,214,,,1
ae58e9f4c133498d353484a4525594d7,ff0d5bb0fddad85be0286611a2afbace,Undirected,215,,,1
3b82201e84b0e3eda040ed13e513c28a,e76a73c35a4f1a0b2e544f82a21f4fd8,Undirected,216,,,1
01396636a0208a1fdefed71fcc1488f5,b40be6b8192eeb2580277898bd544aa5,Undirected,217,,,1
67dfaba23725332de7561d22b98c5da0,13ce690dab9e70f302993ba0fc2c6c8d,Undirected,218,,,1
42fd03fc4b5c67d605ef5ca12e33bc47,03b03246a0cac51acc9a8eb2c32c8c60,Undirected,219,,,1
fdf9e1a61e1affa2aa4980daf2a8b632,29c6cc8a3d3ed33980c51e5a999f6c9a,Undirected,220,,,1
0e5bfa75eabdab64a8c77ad83ff7754d,c0f15b0a7c2ae232891091b1405e9308,Undirected,221,,,1
ebe671c4e40312390504a4c8ecf63e82,86fa152b9734ba2e01843b02859519f0,Undirected,222,,,1
ba0a115db9d812ba9592f71949508617,26c902024ef104d0336ff5713b4a1e52,Undirected,223,,,1
5690cffc2df604f887920538a0ad9e20,09296cd3d875ce23d474abb148be1a62,Undirected,224,,,1
f7d8763282c50fa09804ec92fdadefb2,87f438276a9b4c2c7185b450fda52155,Undirected,225,,,1
da80f427bbe5d2db0061d89fbceb826c,f9c4d0979e09c898b46d096874fab19b,Undirected,226,,,1
ae8170ea874b4200caca5fc1fa480725,b28a0b2f508383d2b7e74654bf933265,Undirected,227,,,1
a8a13cc87716901bc421d3f1da05b992,68d97f7c1dfe5e704cb6b2a55ced9537,Undirected,228,,,1
ca8ba22f0e5bf0861db5567424cac459,b4139cb9717b9b7100f708574fc793ac,Undirected,229,,,1
8ec838b62150fabb5070818e85f69659,dea3ad59a22ae522cd019b3983852697,Undirected,230,,,1
c99c42b59a1e1bb1451fa677e9c8c078,548880c199ff56ef6db11e3419960325,Undirected,231,,,1
9fda02488514a1a035c38c107528dadf,72ebf530793e2410260b5de93d8b17c3,Undirected,232,,,1
ae8b708250d02ba1ec933702572881df,33b89c86ddf7388ed45edae56fa385f1,Undirected,233,,,1
1a853d74c8e9176766f3e180a2bc4671,8b62606d1ac820eab66a8ebd67fe3f6a,Undirected,234,,,1
a4f00ebaad0eaf5f249272fdffcdb795,5a3c1969204c83f2428e0dac6d673aaa,Undirected,235,,,1
268e221e2ef8fca0bb2f109fee0603af,b48d39c342df0f9a60540864ca2a506f,Undirected,236,,,1
d563b7f5933b731709888dd982987931,ef9e0953be43b26971f3f1ec1bc7c36d,Undirected,237,,,1
08c80ffa609f2fbc0313cb559cb480df,a336c17168bb1699723fdf563bebe887,Undirected,238,,,1
2c08955405f4be3726b3c34774d591d8,2d5df810a6b301ca4779d0cc20972441,Undirected,239,,,1
486937f1c5550925efe4975a5af2f33c,03dbfbf14db8b4f7667e525c385fab06,Undirected,240,,,1
1af1f734826783994c19972f57e50a0c,b9dc6743e53cfdc07e156e2b7b0e2e71,Undirected,241,,,1
b651e7bf07e47074efcb2a7404e31dbb,f34e85a6c2b5115415cba58ca7af8a13,Undirected,242,,,1
058770a09e0e2de8dd626f70355ec46f,9da8f406b1cbe0754a81995a7b6d0fa3,Undirected,243,,,1
4d169c13b8c7e4553744eb58c4560827,83e258febf255ef855d99db4dfdd3c68,Undirected,244,,,1
6ecfb7b1ee43bd44d9400f5938a3396a,f857c024a463dbba0153484f3724d2f7,Undirected,245,,,1
e972fdddbf045937290ccdbb61432629,51f997474100e8920d6001e9163521da,Undirected,246,,,1
1ceb0bdb7d59d6766877050dd761eeb6,24b5926c43456bbdb8ef0a0f93ab67d9,Undirected,247,,,1
3b8ce3991b230bbabce52f45d85f31fa,176124e10aed06c3fc4e30fd2602191c,Undirected,248,,,1
4f0b3e1e319b93fa6394a975fabed72f,e183edd086e47e4276486e8b33ecffa7,Undirected,249,,,1
e9756efef378e64e5b7f6b37f0374a5c,a2d0559293f65ff3ba4ce9928bcd9b6d,Undirected,250,,,1
6be6f08543a48fb11f6bce0de0db9e12,87f438276a9b4c2c7185b450fda52155,Undirected,251,,,1
26426b8ad9e7ac4734565953a1b869a5,f9c4d0979e09c898b46d096874fab19b,Undirected,252,,,1
22fff5bc74724047bf6307afea819b4a,dea3ad59a22ae522cd019b3983852697,Undirected,253,,,1
33f484f442aadd485fada14c650125df,dea3ad59a22ae522cd019b3983852697,Undirected,254,,,1
0e87798d725c967d00ad92d06b54649a,dea3ad59a22ae522cd019b3983852697,Undirected,255,,,1
18660bc64038d4e45b1e3aef718e5cf8,69e547e4e63c77216b3c8f81ddf3eee0,Undirected,256,,,1
d3faef554bfaee1bfed5366f636d0409,69e547e4e63c77216b3c8f81ddf3eee0,Undirected,257,,,1
3c7b69f469e595ee7d9616f1969d4852,69e547e4e63c77216b3c8f81ddf3eee0,Undirected,258,,,1
a27890c21c8756ac72155c399dfb874c,2139b9ea4d7449c735882b52bb4cba83,Undirected,259,,,1
a50fdfed1eff155799fb9abb1f430969,2139b9ea4d7449c735882b52bb4cba83,Undirected,260,,,1
63c341540575dfb7c478c93983cb32f1,87f438276a9b4c2c7185b450fda52155,Undirected,261,,,1
ec0d24fcc3f0c28ed63b971fc11bf7a9,ecce6ce25372014e3b80a7fd6d35322d,Undirected,262,,,1
3aa026f5881f13681f459f212e37bf9c,03dbfbf14db8b4f7667e525c385fab06,Undirected,263,,,1
0ed14ca4dea28a6331816da91752d867,cfb191bc5078d032b7449a954c5f54a7,Undirected,264,,,1
a76a6719d7c9710598c6e36c334cf85f,69e547e4e63c77216b3c8f81ddf3eee0,Undirected,265,,,1
ea86f34ab7dbe45eea93a210f7e12f07,cfb191bc5078d032b7449a954c5f54a7,Undirected,266,,,1
7da979506e81b1d4cb62a738801058d6,69e547e4e63c77216b3c8f81ddf3eee0,Undirected,267,,,1
beaf7195e41c622b3a9e8a7335d455df,8aad8ecc9da26fb449967b4b399ce7f8,Undirected,268,,,1
216408291f27dea4978f036044ed13b6,a2d0559293f65ff3ba4ce9928bcd9b6d,Undirected,269,,,1
279a1a6e67dce9ac07f6594c9ce22b55,f857c024a463dbba0153484f3724d2f7,Undirected,270,,,1
20ebc6854b55fdc3b69ae5e0562473a6,8aad8ecc9da26fb449967b4b399ce7f8,Undirected,271,,,1
ad15179283d4a51bdacc1298d22201fb,f857c024a463dbba0153484f3724d2f7,Undirected,272,,,1
c2c512b058ea174078dc29bcbd6cc3a5,ecce6ce25372014e3b80a7fd6d35322d,Undirected,273,,,1
7f6b4626ca9c1cc5c5a71ab49ca22ba5,f857c024a463dbba0153484f3724d2f7,Undirected,274,,,1
b68a3d74018f1028d92b9e01477eec3c,8aad8ecc9da26fb449967b4b399ce7f8,Undirected,275,,,1
7d28072bc423399ec494b5c6bf0c04e6,f857c024a463dbba0153484f3724d2f7,Undirected,276,,,1
0ec4c2108abc9d04e579a231c26e408b,8aad8ecc9da26fb449967b4b399ce7f8,Undirected,277,,,1
7f4480564c22b11f3fff0e8893e931c3,8aad8ecc9da26fb449967b4b399ce7f8,Undirected,278,,,1
2ca9f4385ff14de81a806b7cb2fd40b9,6d58fa09e88f15452fa9133a8d09e73c,Undirected,279,,,1
abe7586115600d971a3c838e0e26c0de,c05680f1c6c81adbec050653a00a4e41,Undirected,280,,,1
abe7586115600d971a3c838e0e26c0de,d8e3ca64977a7d00456f9ae60302a413,Undirected,281,,,1
abe7586115600d971a3c838e0e26c0de,e265ee924f00e599db56d649accc4cfb,Undirected,282,,,1
abe7586115600d971a3c838e0e26c0de,597aa4363040f00f061183209656f30b,Undirected,283,,,1
abe7586115600d971a3c838e0e26c0de,0642a77dcac4cfcee59d0de9f02b33d5,Undirected,284,,,1
abe7586115600d971a3c838e0e26c0de,75b114d846857d18fcf221998217ed97,Undirected,285,,,1
abe7586115600d971a3c838e0e26c0de,e77c307683d3a2504315f6d86cdb33dd,Undirected,286,,,1
abe7586115600d971a3c838e0e26c0de,bbf28b069e801811ee39272b48b0b41c,Undirected,287,,,1
abe7586115600d971a3c838e0e26c0de,1e114b4b5f4441728ab8019a125c1c1e,Undirected,288,,,1
abe7586115600d971a3c838e0e26c0de,59e1e9f63437a196edefc617e86cdd81,Undirected,289,,,1
abe7586115600d971a3c838e0e26c0de,3b166ded2055f3a02a370bc787e66c03,Undirected,290,,,1
abe7586115600d971a3c838e0e26c0de,5997522bc4c732ef081b8ec0ae3b4407,Undirected,291,,,1
abe7586115600d971a3c838e0e26c0de,f09c1179cc305aca108de200a1b306d7,Undirected,292,,,1
abe7586115600d971a3c838e0e26c0de,b500f0d73a78c3e23f17faf9252a9ae9,Undirected,293,,,1
abe7586115600d971a3c838e0e26c0de,bf7fb6246d1324175d40d456044de7da,Undirected,294,,,1
abe7586115600d971a3c838e0e26c0de,7e167e40863efcaca4dcae558f1a98f3,Undirected,295,,,1
abe7586115600d971a3c838e0e26c0de,8d23e2e6fbf548d1a5fc5d8852ce80a5,Undirected,296,,,1
abe7586115600d971a3c838e0e26c0de,f042204301a68f27f987a83e1294a4e4,Undirected,297,,,1
abe7586115600d971a3c838e0e26c0de,554d1e80660a4841720b89f39c1a88b0,Undirected,298,,,1
abe7586115600d971a3c838e0e26c0de,657a3deeca55023a44bb4209de6adb58,Undirected,299,,,1
abe7586115600d971a3c838e0e26c0de,d1cecd8bcb08ee33a99481d287f2e112,Undirected,300,,,1
11754e030cc85e9e206c9f023a5c8a8e,9f8321ad6f7368bed06919e70e28104a,Undirected,301,,,1
11754e030cc85e9e206c9f023a5c8a8e,98fcf8ec93160396d8ba58f8bdb457b3,Undirected,302,,,1
11754e030cc85e9e206c9f023a5c8a8e,faf3e08d59de216bddf01fb35e21204f,Undirected,303,,,1
11754e030cc85e9e206c9f023a5c8a8e,bf5a2258a927307e74b3982194be1adc,Undirected,304,,,1
11754e030cc85e9e206c9f023a5c8a8e,e382074f5d2e9c8acd06b907d160a5b5,Undirected,305,,,1
88ea905bb51700f7b06ab41d847e89bb,2ca9f4385ff14de81a806b7cb2fd40b9,Undirected,306,,,1
88ea905bb51700f7b06ab41d847e89bb,03a5531786904f83bc57832299e7d8f1,Undirected,307,,,1
88ea905bb51700f7b06ab41d847e89bb,0e5bfa75eabdab64a8c77ad83ff7754d,Undirected,308,,,1
88ea905bb51700f7b06ab41d847e89bb,f3db1ab114edf056ac919b1fff2d283c,Undirected,309,,,1
88ea905bb51700f7b06ab41d847e89bb,793edfe9a8abfe1649a2fe30f4bd0479,Undirected,310,,,1
88ea905bb51700f7b06ab41d847e89bb,503cac05a12970a9a3a1be0f3b06c631,Undirected,311,,,1
fa6cdfb752ab16aee505d671fcbe58ff,790063ed0659d314a138353894f3d868,Undirected,312,,,1
fa6cdfb752ab16aee505d671fcbe58ff,c12c7fdc2aed2926b6a706337761ad7f,Undirected,313,,,1
fa6cdfb752ab16aee505d671fcbe58ff,2f28f034e0c1bd48b4d1e25ea8756183,Undirected,314,,,1
fa6cdfb752ab16aee505d671fcbe58ff,461da85dbc95fa0f90d1b6a65c2e96b3,Undirected,315,,,1
fa6cdfb752ab16aee505d671fcbe58ff,d5e6eba2c510187e85a310a3a5c65f1b,Undirected,316,,,1
fa6cdfb752ab16aee505d671fcbe58ff,1c88dd4bb739c6397eb3c2a642eb09df,Undirected,317,,,1
fa6cdfb752ab16aee505d671fcbe58ff,e26b3f8e0dfdbb6fe1125a85df1a09a1,Undirected,318,,,1
fa6cdfb752ab16aee505d671fcbe58ff,946f725e05435606e11d41b55c5dcc52,Undirected,319,,,1
fa6cdfb752ab16aee505d671fcbe58ff,4d7c25d38df8f61875f155c76661493d,Undirected,320,,,1
fa6cdfb752ab16aee505d671fcbe58ff,5619b630b219aa4045e4aee605d6ef61,Undirected,321,,,1
fa6cdfb752ab16aee505d671fcbe58ff,70fa88ba4896f13d135ae2764aa57a26,Undirected,322,,,1
fa6cdfb752ab16aee505d671fcbe58ff,6fc931b2922c35f56b06474bfa66840a,Undirected,323,,,1
fa6cdfb752ab16aee505d671fcbe58ff,95421e34b301bb44b5157e77a3b12ec8,Undirected,324,,,1
fa6cdfb752ab16aee505d671fcbe58ff,cb9fb3bc8def96c318ee5a5f0955ec68,Undirected,325,,,1
fa6cdfb752ab16aee505d671fcbe58ff,91a092ab0fe6d8c3229bc8a8e2270348,Undirected,326,,,1
fa6cdfb752ab16aee505d671fcbe58ff,23a89ffffa893afe1c7340612439f6bf,Undirected,327,,,1
fa6cdfb752ab16aee505d671fcbe58ff,b740fa06c8fe97d33bb67d0747b2ed99,Undirected,328,,,1
fa6cdfb752ab16aee505d671fcbe58ff,1cb3052801868ff40f0f07a7195f2e9c,Undirected,329,,,1
fa6cdfb752ab16aee505d671fcbe58ff,5a48dae92f75c10124634f8f7be8fb54,Undirected,330,,,1
fa6cdfb752ab16aee505d671fcbe58ff,71a3d43cdbc4004070562d413a3456b0,Undirected,331,,,1
fa6cdfb752ab16aee505d671fcbe58ff,aa33e14696994f12e05ab3ff62c0c41d,Undirected,332,,,1
fa6cdfb752ab16aee505d671fcbe58ff,b06340557f54d2b50c385e946f0d3787,Undirected,333,,,1
fa6cdfb752ab16aee505d671fcbe58ff,ae58e9f4c133498d353484a4525594d7,Undirected,334,,,1
fa6cdfb752ab16aee505d671fcbe58ff,e2d2e60c6cfab41dd200e3a92f44c061,Undirected,335,,,1
fa6cdfb752ab16aee505d671fcbe58ff,818d39cfa6785060a7989695b2943a93,Undirected,336,,,1
fa6cdfb752ab16aee505d671fcbe58ff,1325ef57cd0dee6f770980c4481a4b81,Undirected,337,,,1
fa6cdfb752ab16aee505d671fcbe58ff,ed671324c2cc679f08fcbd6b736ec5a6,Undirected,338,,,1
fa6cdfb752ab16aee505d671fcbe58ff,53eb9951e554dbb5be8456544ec74dcd,Undirected,339,,,1
fa6cdfb752ab16aee505d671fcbe58ff,667daddf1e935774eca663c4089249ab,Undirected,340,,,1
fa6cdfb752ab16aee505d671fcbe58ff,a79a349a608afdcafa9e9502a96c8d1c,Undirected,341,,,1
fa6cdfb752ab16aee505d671fcbe58ff,98d38f60b3515df69a582fa1c13b74d6,Undirected,342,,,1
fa6cdfb752ab16aee505d671fcbe58ff,e1caa8864e634763276dcdbae7182a0d,Undirected,343,,,1
fa6cdfb752ab16aee505d671fcbe58ff,adec9da9dc2f7810a8720f9769acfcf4,Undirected,344,,,1
fa6cdfb752ab16aee505d671fcbe58ff,5ce351ada64788249f19379c604532be,Undirected,345,,,1
fa6cdfb752ab16aee505d671fcbe58ff,75f9f386435a46838594458515672cf1,Undirected,346,,,1
fa6cdfb752ab16aee505d671fcbe58ff,8bfab4fcbff2f2810bed524982351071,Undirected,347,,,1
fa6cdfb752ab16aee505d671fcbe58ff,78ed48ffaf3cf5242477f3fd4e14dbd7,Undirected,348,,,1
fa6cdfb752ab16aee505d671fcbe58ff,724f9d653dee6a8c9e5963719686b75d,Undirected,349,,,1
fa6cdfb752ab16aee505d671fcbe58ff,f7d8763282c50fa09804ec92fdadefb2,Undirected,350,,,1
fa6cdfb752ab16aee505d671fcbe58ff,ba0a115db9d812ba9592f71949508617,Undirected,351,,,1
fa6cdfb752ab16aee505d671fcbe58ff,fdf9e1a61e1affa2aa4980daf2a8b632,Undirected,352,,,1
fa6cdfb752ab16aee505d671fcbe58ff,42fd03fc4b5c67d605ef5ca12e33bc47,Undirected,353,,,1
fa6cdfb752ab16aee505d671fcbe58ff,ebe671c4e40312390504a4c8ecf63e82,Undirected,354,,,1
fa6cdfb752ab16aee505d671fcbe58ff,f1b95567efd450c532ae5c14c0cebea2,Undirected,355,,,1
fa6cdfb752ab16aee505d671fcbe58ff,429ecb69d8270458035dd866e037af60,Undirected,356,,,1
fa6cdfb752ab16aee505d671fcbe58ff,ae8170ea874b4200caca5fc1fa480725,Undirected,357,,,1
fa6cdfb752ab16aee505d671fcbe58ff,8ec838b62150fabb5070818e85f69659,Undirected,358,,,1
fa6cdfb752ab16aee505d671fcbe58ff,ca8ba22f0e5bf0861db5567424cac459,Undirected,359,,,1
fa6cdfb752ab16aee505d671fcbe58ff,1b6576dea6df56863c90fe614c747550,Undirected,360,,,1
fa6cdfb752ab16aee505d671fcbe58ff,47690fed165bfe071d0c994767d83cd6,Undirected,361,,,1
fa6cdfb752ab16aee505d671fcbe58ff,486937f1c5550925efe4975a5af2f33c,Undirected,362,,,1
fa6cdfb752ab16aee505d671fcbe58ff,2c08955405f4be3726b3c34774d591d8,Undirected,363,,,1
fa6cdfb752ab16aee505d671fcbe58ff,5288241b365aa22c9dba0b3f701067ed,Undirected,364,,,1
fa6cdfb752ab16aee505d671fcbe58ff,6af5870de81f25f146c43431229f6af7,Undirected,365,,,1
fa6cdfb752ab16aee505d671fcbe58ff,cc81dca534a1b7c7f49b15a37b5196c7,Undirected,366,,,1
fa6cdfb752ab16aee505d671fcbe58ff,b6a2b3af700ff499ebb96b6ee9b718b4,Undirected,367,,,1
fa6cdfb752ab16aee505d671fcbe58ff,1dbc2e6e9344a32cc4c8617f9a2bb48b,Undirected,368,,,1
fa6cdfb752ab16aee505d671fcbe58ff,3b8ce3991b230bbabce52f45d85f31fa,Undirected,369,,,1
11ae369e9ef719fd8ed6108ee693e3a8,2fbede2807ecdbed30489c9774dc6301,Undirected,370,,,1
11ae369e9ef719fd8ed6108ee693e3a8,ec192223b62397de325d2e9901247c3a,Undirected,371,,,1
fee8e786b25bc399cba602e8f9b5a569,ec192223b62397de325d2e9901247c3a,Undirected,372,,,1
8a760e715f7414700a56adf9fddc3784,2d66dd1fa10e548729f2ada6a9279203,Undirected,373,,,1
8a760e715f7414700a56adf9fddc3784,c896d7ed941c58a8c1e1852049028f32,Undirected,374,,,1
8a760e715f7414700a56adf9fddc3784,3e66bfc5c3388b81113b6a7a2244f50f,Undirected,375,,,1
8a760e715f7414700a56adf9fddc3784,0ece185e699be6791ee03b59d732a75f,Undirected,376,,,1
8a760e715f7414700a56adf9fddc3784,ef2e291ff449ecf8ad0340dab84d4a4b,Undirected,377,,,1
8a760e715f7414700a56adf9fddc3784,2f8d03108d3ea6c5a42f14dd1c8e5d56,Undirected,378,,,1
8a760e715f7414700a56adf9fddc3784,3faa989fec79d277d2f910036814d12e,Undirected,379,,,1
8a760e715f7414700a56adf9fddc3784,bf24c94c4dc984546733c42739705b34,Undirected,380,,,1
8a760e715f7414700a56adf9fddc3784,eead1f15f0162bb1b0fab8970229ec3b,Undirected,381,,,1
8a760e715f7414700a56adf9fddc3784,008132123c29a1e49744469f79cfa415,Undirected,382,,,1
8a760e715f7414700a56adf9fddc3784,b3bb424f0ef7545102b3b84fb940e0ae,Undirected,383,,,1
8a760e715f7414700a56adf9fddc3784,1cf24cf6938989cc659a69ce20caa931,Undirected,384,,,1
8a760e715f7414700a56adf9fddc3784,f7fa6ec6ef8b63ef1ae6cd5c0cdff03b,Undirected,385,,,1
8a760e715f7414700a56adf9fddc3784,610e8bc984cd3bbbb57454cf30c160d9,Undirected,386,,,1
8a760e715f7414700a56adf9fddc3784,b83aadebd0e2f60d0391550c119e4149,Undirected,387,,,1
8a760e715f7414700a56adf9fddc3784,b16ab5b5ed22f1c69e0714630e22c14f,Undirected,388,,,1
8a760e715f7414700a56adf9fddc3784,ed123c15d721ae47db5286ff39f46e76,Undirected,389,,,1
8a760e715f7414700a56adf9fddc3784,5a9c125d927353a7f0ff08769af6be49,Undirected,390,,,1
8a760e715f7414700a56adf9fddc3784,96d855dcce10bf35584a82421c2c8868,Undirected,391,,,1
8a760e715f7414700a56adf9fddc3784,b810b9b92208f0121380d192965ebafe,Undirected,392,,,1
8a760e715f7414700a56adf9fddc3784,6a1a74cc4b3078ad0ec6030492a7f6b6,Undirected,393,,,1
8a760e715f7414700a56adf9fddc3784,1093993168a732ec78f4b7b274d924f6,Undirected,394,,,1
8a760e715f7414700a56adf9fddc3784,f2f8795d0fb64505a8ca6569865c6481,Undirected,395,,,1
8a760e715f7414700a56adf9fddc3784,65afd88352a4f5d794d13750aa19ec28,Undirected,396,,,1
8a760e715f7414700a56adf9fddc3784,7dd71d82231211dc85d959425a1bc7ef,Undirected,397,,,1
8a760e715f7414700a56adf9fddc3784,e1c0004637b390dc0f63f05e0e96ab99,Undirected,398,,,1
8a760e715f7414700a56adf9fddc3784,5fe77e32852ab03ce17bb2bb2550651f,Undirected,399,,,1
8a760e715f7414700a56adf9fddc3784,f8214fb1365abe1c034688f8223f0c34,Undirected,400,,,1
8a760e715f7414700a56adf9fddc3784,f899d72f096755e1988a717fab6509d8,Undirected,401,,,1
8a760e715f7414700a56adf9fddc3784,33531f5232c1924089771b5f5e3c3048,Undirected,402,,,1
8a760e715f7414700a56adf9fddc3784,c29cc677c3584e8b82848306f65da0ee,Undirected,403,,,1
8a760e715f7414700a56adf9fddc3784,42cc2ee360fe64ab83cd9e5ef8457651,Undirected,404,,,1
216106aff924063c9772f1413a7393db,2ff404a86e2d0e29241accf1bf0d48a6,Undirected,405,,,1
216106aff924063c9772f1413a7393db,8eba97101fa38feaa8334d4bd54d4951,Undirected,406,,,1
216106aff924063c9772f1413a7393db,ae8b708250d02ba1ec933702572881df,Undirected,407,,,1
216106aff924063c9772f1413a7393db,9fda02488514a1a035c38c107528dadf,Undirected,408,,,1
216106aff924063c9772f1413a7393db,c99c42b59a1e1bb1451fa677e9c8c078,Undirected,409,,,1
870313182185722febf32cbfa13e69df,2b83a7233f38068319c1bfae917dabb0,Undirected,410,,,1
870313182185722febf32cbfa13e69df,1f9d2a2f910dffe23da77263d47eeb4d,Undirected,411,,,1
870313182185722febf32cbfa13e69df,cc9537167888237644a8543e96b147e2,Undirected,412,,,1
870313182185722febf32cbfa13e69df,f21d3fd7e03c73d78aae1e211dce7084,Undirected,413,,,1
870313182185722febf32cbfa13e69df,e3183a18cb4eb80438273e8d19da9eeb,Undirected,414,,,1
870313182185722febf32cbfa13e69df,8b0dc60ebaa6a91657f26025745a19b1,Undirected,415,,,1
870313182185722febf32cbfa13e69df,0f41993159f699d1783386fcfa37d745,Undirected,416,,,1
870313182185722febf32cbfa13e69df,40d04ee77da518ce184ebdba965b3f53,Undirected,417,,,1
870313182185722febf32cbfa13e69df,ec93565a2344052467ed4fff0634645a,Undirected,418,,,1
870313182185722febf32cbfa13e69df,83de5690a87f2acd4312228552605bf5,Undirected,419,,,1
870313182185722febf32cbfa13e69df,e7d8db3fa115d5216025f837954b3e57,Undirected,420,,,1
870313182185722febf32cbfa13e69df,fef9bd3339e28a83d395d711a877233e,Undirected,421,,,1
870313182185722febf32cbfa13e69df,02a83aa9e9763229edfe8c29117a058a,Undirected,422,,,1
870313182185722febf32cbfa13e69df,fac23a33b2224e2a96dd3b1ce24d6eb1,Undirected,423,,,1
870313182185722febf32cbfa13e69df,774839d56c7df39f8a424883b7429444,Undirected,424,,,1
870313182185722febf32cbfa13e69df,5d4a70a4a8e1832f64895f673acab749,Undirected,425,,,1
870313182185722febf32cbfa13e69df,13486a49f735dc8437b3f77947a538c0,Undirected,426,,,1
870313182185722febf32cbfa13e69df,8d22ea0951943628328588393cc0ed34,Undirected,427,,,1
870313182185722febf32cbfa13e69df,3f2857be7fd55b51b88aec4311daa758,Undirected,428,,,1
870313182185722febf32cbfa13e69df,88439f9c6394bacf2d8dbc5c9de45c69,Undirected,429,,,1
870313182185722febf32cbfa13e69df,63b82cbb1e4b6d82ffe7a8c6ee7c3524,Undirected,430,,,1
870313182185722febf32cbfa13e69df,5a86bb658365bd592dfa8af783c55a55,Undirected,431,,,1
870313182185722febf32cbfa13e69df,6310532d3bb05911b6be6271e0f5901e,Undirected,432,,,1
870313182185722febf32cbfa13e69df,ac9ce9f546996816682ee29ceb55f330,Undirected,433,,,1
870313182185722febf32cbfa13e69df,da7f052d8f837c327c3b2f79ac71d71f,Undirected,434,,,1
870313182185722febf32cbfa13e69df,77517b2759dec171b5da99924a926140,Undirected,435,,,1
870313182185722febf32cbfa13e69df,703804ba1d453f98b19a6971efcfbfda,Undirected,436,,,1
870313182185722febf32cbfa13e69df,6d3e9153441e626d46541caf6b4e382c,Undirected,437,,,1
870313182185722febf32cbfa13e69df,e8c17ed123cf50b4effa6f3f63d14bf2,Undirected,438,,,1
870313182185722febf32cbfa13e69df,bcaa67b1822b80477510c04d919d0055,Undirected,439,,,1
870313182185722febf32cbfa13e69df,570e8d6d0b99dcbf624a474c651420af,Undirected,440,,,1
f86560c9902d7e38bef6e1e50d867346,3ab9042bab6e90456930ef561aebc377,Undirected,441,,,1
f86560c9902d7e38bef6e1e50d867346,a9efe5267b913817f7c942c30c6c4153,Undirected,442,,,1
f86560c9902d7e38bef6e1e50d867346,d8b763bd97368661a04f821f4051c02e,Undirected,443,,,1
f86560c9902d7e38bef6e1e50d867346,999487927d56fae314b4d6582c4f2200,Undirected,444,,,1
f86560c9902d7e38bef6e1e50d867346,27fd0b0004ce57af79c1e557c2cfbd2f,Undirected,445,,,1
f86560c9902d7e38bef6e1e50d867346,a6ec5f08ad891c3d3082ae998dd335d2,Undirected,446,,,1
f86560c9902d7e38bef6e1e50d867346,e276d7606bf64fb621b3d76b5da2e846,Undirected,447,,,1
f86560c9902d7e38bef6e1e50d867346,39d210d33daa75a8adc3c458cb0d7c65,Undirected,448,,,1
f86560c9902d7e38bef6e1e50d867346,edbdb0183ec2ac1d537f4f0c7115b29c,Undirected,449,,,1
f86560c9902d7e38bef6e1e50d867346,01dac3967e8d541a26c0fa258059122a,Undirected,450,,,1
f86560c9902d7e38bef6e1e50d867346,aee91cd66e1d21fcd42e76bbe68c1f0e,Undirected,451,,,1
f86560c9902d7e38bef6e1e50d867346,2c4ed815e97ece77c5e9af427170fced,Undirected,452,,,1
f86560c9902d7e38bef6e1e50d867346,d9a87576a7dbe842dad284b7db77381f,Undirected,453,,,1
018bd38c9b3c7dba26bfa5b52d76cab8,381cb3056ef571ca4a7b6df413a16639,Undirected,454,,,1
018bd38c9b3c7dba26bfa5b52d76cab8,6e97b809581391fd2c0bec6a139667c0,Undirected,455,,,1
018bd38c9b3c7dba26bfa5b52d76cab8,2a2cdb52487d276b92ff063a07ea914b,Undirected,456,,,1
018bd38c9b3c7dba26bfa5b52d76cab8,cba8a55e3cb3fd037abfaeccd5363c3c,Undirected,457,,,1
018bd38c9b3c7dba26bfa5b52d76cab8,7facc5bc7a25debf95afc4d25559bcce,Undirected,458,,,1
018bd38c9b3c7dba26bfa5b52d76cab8,b29545e7580b79001228514f8cc1f2ba,Undirected,459,,,1
018bd38c9b3c7dba26bfa5b52d76cab8,67dfaba23725332de7561d22b98c5da0,Undirected,460,,,1
018bd38c9b3c7dba26bfa5b52d76cab8,01396636a0208a1fdefed71fcc1488f5,Undirected,461,,,1
018bd38c9b3c7dba26bfa5b52d76cab8,3b82201e84b0e3eda040ed13e513c28a,Undirected,462,,,1
018bd38c9b3c7dba26bfa5b52d76cab8,c34ce5a464f0fe08c7bb9de4f6bb774b,Undirected,463,,,1
018bd38c9b3c7dba26bfa5b52d76cab8,6f72475314aee2b74db270b003bc1b0c,Undirected,464,,,1
018bd38c9b3c7dba26bfa5b52d76cab8,de4699ba6ce06e464dfcea21d13662f5,Undirected,465,,,1
018bd38c9b3c7dba26bfa5b52d76cab8,68bff3d6970143a7a15edf247af560cc,Undirected,466,,,1
018bd38c9b3c7dba26bfa5b52d76cab8,5f6260882092628a6fdb733c84d35bd4,Undirected,467,,,1
018bd38c9b3c7dba26bfa5b52d76cab8,0dd13fff8362cdb6757d48ba7612ac16,Undirected,468,,,1
018bd38c9b3c7dba26bfa5b52d76cab8,5d326bdadf85dfcd56d8235a72865eb3,Undirected,469,,,1
018bd38c9b3c7dba26bfa5b52d76cab8,e4b6d6e522463d70b5a57a6b367bffbe,Undirected,470,,,1
018bd38c9b3c7dba26bfa5b52d76cab8,5861f8e228edb328c50c123fe27850a3,Undirected,471,,,1
018bd38c9b3c7dba26bfa5b52d76cab8,08373b0a90329908a6456399420bea99,Undirected,472,,,1
018bd38c9b3c7dba26bfa5b52d76cab8,3afad6ea7ac2711fe5738353bb75af52,Undirected,473,,,1
018bd38c9b3c7dba26bfa5b52d76cab8,b8a0b66d6ff8a55ef72e5c0112309832,Undirected,474,,,1
018bd38c9b3c7dba26bfa5b52d76cab8,1a853d74c8e9176766f3e180a2bc4671,Undirected,475,,,1
018bd38c9b3c7dba26bfa5b52d76cab8,1af1f734826783994c19972f57e50a0c,Undirected,476,,,1
018bd38c9b3c7dba26bfa5b52d76cab8,058770a09e0e2de8dd626f70355ec46f,Undirected,477,,,1
018bd38c9b3c7dba26bfa5b52d76cab8,b651e7bf07e47074efcb2a7404e31dbb,Undirected,478,,,1
018bd38c9b3c7dba26bfa5b52d76cab8,268e221e2ef8fca0bb2f109fee0603af,Undirected,479,,,1
018bd38c9b3c7dba26bfa5b52d76cab8,a4f00ebaad0eaf5f249272fdffcdb795,Undirected,480,,,1
018bd38c9b3c7dba26bfa5b52d76cab8,1ceb0bdb7d59d6766877050dd761eeb6,Undirected,481,,,1
018bd38c9b3c7dba26bfa5b52d76cab8,e972fdddbf045937290ccdbb61432629,Undirected,482,,,1
018bd38c9b3c7dba26bfa5b52d76cab8,c14e266a3cddcb9c67d999603ab59ecd,Undirected,483,,,1
018bd38c9b3c7dba26bfa5b52d76cab8,52e3ad660df9bcc996f280f5c59069d8,Undirected,484,,,1
a7a74e5f2a1a93a8861ea2f67861b61f,d70aef2f689d2d9834e21463c172e746,Undirected,485,,,1
a7a74e5f2a1a93a8861ea2f67861b61f,beaf7195e41c622b3a9e8a7335d455df,Undirected,486,,,1
a7a74e5f2a1a93a8861ea2f67861b61f,c857dfa8c2c65f8ab2627ed3f931c50f,Undirected,487,,,1
a7a74e5f2a1a93a8861ea2f67861b61f,e822eea4522bc605eabc842088af60ec,Undirected,488,,,1
a7a74e5f2a1a93a8861ea2f67861b61f,a2302ca056838644fba178f1326c06eb,Undirected,489,,,1
a7a74e5f2a1a93a8861ea2f67861b61f,25ed281c3bff9a91cfd2fc70e2aee246,Undirected,490,,,1
a7a74e5f2a1a93a8861ea2f67861b61f,369bbf7e3ccad428f085077faa923eec,Undirected,491,,,1
a7a74e5f2a1a93a8861ea2f67861b61f,c288f6a3b73715b8671d59c8cc653c01,Undirected,492,,,1
a7a74e5f2a1a93a8861ea2f67861b61f,50a9b17eee78d7c77636dcbe71babdd6,Undirected,493,,,1
a7a74e5f2a1a93a8861ea2f67861b61f,93fa517ab160c519d06df119a0b3bf6b,Undirected,494,,,1
a7a74e5f2a1a93a8861ea2f67861b61f,2ee0d52a2b36a8fbba07ea3a76389b15,Undirected,495,,,1
a7a74e5f2a1a93a8861ea2f67861b61f,5f2f1604e9497fe8dc995b7fb249baca,Undirected,496,,,1
a7a74e5f2a1a93a8861ea2f67861b61f,0d57d44981ecf171842015e40ae3403c,Undirected,497,,,1
a7a74e5f2a1a93a8861ea2f67861b61f,49748bb0202c08899e382afea37dd2ff,Undirected,498,,,1
a7a74e5f2a1a93a8861ea2f67861b61f,e9756efef378e64e5b7f6b37f0374a5c,Undirected,499,,,1
a7a74e5f2a1a93a8861ea2f67861b61f,c4ceac15ffe5b3b6ae032a707c35d18f,Undirected,500,,,1
a7a74e5f2a1a93a8861ea2f67861b61f,6ecfb7b1ee43bd44d9400f5938a3396a,Undirected,501,,,1
a7a74e5f2a1a93a8861ea2f67861b61f,81832783d9d0695673d7f244310d4e34,Undirected,502,,,1
a7a74e5f2a1a93a8861ea2f67861b61f,ea86f34ab7dbe45eea93a210f7e12f07,Undirected,503,,,1
a7a74e5f2a1a93a8861ea2f67861b61f,7da979506e81b1d4cb62a738801058d6,Undirected,504,,,1
ee80c61fce16c8f51df40dbf22db5168,aa300711127707a6070acb6b9d94dc48,Undirected,505,,,1
ee80c61fce16c8f51df40dbf22db5168,6700b130b6a1434276f3a169a9bdb766,Undirected,506,,,1
ee80c61fce16c8f51df40dbf22db5168,92a1501b273f76c77f34277e74f7d035,Undirected,507,,,1
ee80c61fce16c8f51df40dbf22db5168,d85be81a7ffec1a73b2710c3781a766e,Undirected,508,,,1
ee80c61fce16c8f51df40dbf22db5168,056ff478ec7664f194902b55e3d515bd,Undirected,509,,,1
ee80c61fce16c8f51df40dbf22db5168,5690cffc2df604f887920538a0ad9e20,Undirected,510,,,1
ee80c61fce16c8f51df40dbf22db5168,a8a13cc87716901bc421d3f1da05b992,Undirected,511,,,1
ee80c61fce16c8f51df40dbf22db5168,da80f427bbe5d2db0061d89fbceb826c,Undirected,512,,,1
ee80c61fce16c8f51df40dbf22db5168,4d169c13b8c7e4553744eb58c4560827,Undirected,513,,,1
ee80c61fce16c8f51df40dbf22db5168,d563b7f5933b731709888dd982987931,Undirected,514,,,1
ee80c61fce16c8f51df40dbf22db5168,08c80ffa609f2fbc0313cb559cb480df,Undirected,515,,,1
ee80c61fce16c8f51df40dbf22db5168,ac41a78b920ba99276775bf734d3321b,Undirected,516,,,1
ee80c61fce16c8f51df40dbf22db5168,283e3109bf96eeda31c0cb34426aa5e0,Undirected,517,,,1
ee80c61fce16c8f51df40dbf22db5168,fd7d77ef930ce36d8a565463822dcee6,Undirected,518,,,1
ee80c61fce16c8f51df40dbf22db5168,ec0d24fcc3f0c28ed63b971fc11bf7a9,Undirected,519,,,1
ee80c61fce16c8f51df40dbf22db5168,f396b2cb4f09db0fc736287e6d6166d5,Undirected,520,,,1
ee80c61fce16c8f51df40dbf22db5168,967464982f5ab937946fd4cd28d2a44b,Undirected,521,,,1
ee80c61fce16c8f51df40dbf22db5168,d436310d309bd93a9a9d709e4486c566,Undirected,522,,,1
ee80c61fce16c8f51df40dbf22db5168,c1788f122f8575acfbb29f50d9b62756,Undirected,523,,,1
ee80c61fce16c8f51df40dbf22db5168,9534cfde25d7f3f57259725541576ed7,Undirected,524,,,1
43cd2ac212412eff8e74681e188a24b2,2fbede2807ecdbed30489c9774dc6301,Undirected,525,,,1
11ae369e9ef719fd8ed6108ee693e3a8,11754e030cc85e9e206c9f023a5c8a8e,Undirected,526,,,1
11ae369e9ef719fd8ed6108ee693e3a8,88ea905bb51700f7b06ab41d847e89bb,Undirected,527,,,1
11ae369e9ef719fd8ed6108ee693e3a8,abe7586115600d971a3c838e0e26c0de,Undirected,528,,,1
11ae369e9ef719fd8ed6108ee693e3a8,fa6cdfb752ab16aee505d671fcbe58ff,Undirected,529,,,1
11ae369e9ef719fd8ed6108ee693e3a8,8a760e715f7414700a56adf9fddc3784,Undirected,530,,,1
43cd2ac212412eff8e74681e188a24b2,11ae369e9ef719fd8ed6108ee693e3a8,Undirected,531,,,1
43cd2ac212412eff8e74681e188a24b2,216106aff924063c9772f1413a7393db,Undirected,532,,,1
43cd2ac212412eff8e74681e188a24b2,870313182185722febf32cbfa13e69df,Undirected,533,,,1
43cd2ac212412eff8e74681e188a24b2,f86560c9902d7e38bef6e1e50d867346,Undirected,534,,,1
43cd2ac212412eff8e74681e188a24b2,018bd38c9b3c7dba26bfa5b52d76cab8,Undirected,535,,,1
43cd2ac212412eff8e74681e188a24b2,a7a74e5f2a1a93a8861ea2f67861b61f,Undirected,536,,,1
43cd2ac212412eff8e74681e188a24b2,ee80c61fce16c8f51df40dbf22db5168,Undirected,537,,,1
