Id,Label,Timeset,Class
50e9b6119a7c3b917c55ab549085d844,48,,Vlan
a076ae1694ca9b2efa9de8b64337cd4d,Shared_SQL,,Vrf
81312719736df32e2527f3c1da30e72b,50,,Vlan
5fe56bddc0a07bad9114b47e2a8f1749,SHARED_SCG,,Vrf
aa4c9e6bd95fc128e2b67a7c2140fc13,52,,Vlan
3858c05d45d8cee6b83be5dcf1b6fa7e,Shared_App,,Vrf
503cac05a12970a9a3a1be0f3b06c631,61,,Vlan
6d58fa09e88f15452fa9133a8d09e73c,NETWORK_MANAGEMENT,,Vrf
89668e1051f50aac9014e8812caecb6a,160,,Vlan
792c196093158582b2f4018c471a2122,OM_MGMT_VRF,,Vrf
7901b8c1b9bc510fd54bec8a2ea5f1bc,161,,Vlan
2c28df11ad4cf923abaa8e3e5c87e4e7,OMBS_TMG,,Vrf
c253fc0b84ca81b1a06db507c795e0e4,170,,Vlan
6692f8698726d989c9d62db50eb89edd,SIS_PERF,,Vrf
6bdb0807dac96efb7ff05a7352ecbff0,181,,Vlan
aefed463b29659030bda55ec9a822b42,SMIN1,,Vrf
b0e2f6f9233446e324fec69d58204bcf,182,,Vlan
c04031b7ee2468febd9b5e1cb08f0b51,SMIN2,,Vrf
b5b8e5b4962f58360cb8efe6259b8c45,184,,Vlan
87c2f86ebe4035fe4ce390ec84727ab2,SMIN4,,Vrf
1ce7a301924275c2c48061069e5f083f,185,,Vlan
6b11aef774aa490eaf1d9206f2b5c32e,SMIN5,,Vrf
8258c9ac0b8e2657177d178e4a1bccbb,186,,Vlan
a0e32cac6d55845325d5b07c88dbea2a,SMIN6,,Vrf
015e56e391e3625614272a0e79b02ff8,187,,Vlan
3fd983f453d7b817bd77e2535b3314df,SMIN7,,Vrf
d19902e353967ee3a2dfd5714a3c5d3f,188,,Vlan
37985e2b22e0d52e39436761df51b6f7,SMIN8,,Vrf
295b56242664d277605a310194edb633,210,,Vlan
c07f75d997f581df9740d8c2ea652c9f,OM_SERVER_VRF_210,,Vrf
b40066c154dd8f03e517fd35e9cd0520,211,,Vlan
31e750e49f5ad6d6fbb769c8f3a5f0c3,OM_SERVER_VRF_211,,Vrf
f79819d8092a239faf3988f21e172159,212,,Vlan
12237a549f55de2bb4282021fab93c17,OM_SERVER_VRF_212,,Vrf
2985550672a50c0670762bf81361eb1d,213,,Vlan
3401874d22456c2bfefb111a61290fce,OM_SERVER_VRF_213,,Vrf
4acfa278647f4f05904babeeac0857a7,214,,Vlan
40a1569ffd8f730b83b53533c2203e8d,OM_SERVER_VRF_214,,Vrf
5e9baca3e71dfd3faefca822aa6913b7,216,,Vlan
60102f99738244b6da730c6aba5030f3,SERVER_VLAN_216,,Vrf
b510c50841e85e93349c71117b74f778,220,,Vlan
fc2a5c360336a3a497ae690d7c3f7d5a,SIS_DATA,,Vrf
3d4603f72de804810b64af7ade2cf92c,222,,Vlan
1af2045427bf8ee73f4fde63b1668999,Auth_M_AND_M,,Vrf
c1a5f36b78f5b6887c79f5c05249f75d,223,,Vlan
92879ea0b65d68c87cfc4bd23e9a50fd,M_AND_M,,Vrf
3aab75d242188ccba3496c81f5345fb1,236,,Vlan
1765364567d1b526bfb46799133b1af5,GHO_FCT,,Vrf
97ce540153997d3419f1cd767978d7e4,416,,Vlan
9bc92bb3e26cd50d8d505a778bcfd599,GHO_OP_TRAINING,,Vrf
3005984c20fd4f5eea59635fab013be5,418,,Vlan
5c979f4038ecb3268930648eddf91e88,GHO_OP_DEV,,Vrf
86327e341d9bc917fb0e2321ad7881fd,419,,Vlan
6e5d6f5da3810eb9eff4c22f965a30ad,GHO_OP_UAT,,Vrf
56987ca64f9d8f88764be7a6f163937a,420,,Vlan
ab71bdc854fa4e87dac25f559b026f1e,GHO_OP_PROD,,Vrf
96020488766fd14acab6fc29012f6fbb,421,,Vlan
c4fe2aabf16e4c8f922c14f0ce9245d1,OP_Perf,,Vrf
341f5dec5b59d3307968d47dbb746fa4,423,,Vlan
35f579a97a44d2b74b7263552cd00124,GHO_RA_TRAINING,,Vrf
5c9339d9cf3444efbcc5bdccdb7cf4fc,424,,Vlan
82b9bf942970bfc1ec67d1fd0bbdaf51,GHO_RA_PRE_PROD,,Vrf
8a4a9c341b51a496879d1c54a0cac53a,425,,Vlan
049bbcbb4c074eede7a2b41766310551,GHO_RA_PROD,,Vrf
52a21e3bff135eb8ffa4ba6fb821f09d,428,,Vlan
e8f2cc7532a1d5d14b4d5671768d6c16,GHO_HYP_DEV,,Vrf
179f50f2b634247036d3cc1676ff1bc3,429,,Vlan
228bb57dc3b972c76db21a9e0095e49e,GHO_HYP_UAT,,Vrf
2a129447cb7bff6dfacfb1fc72414b82,430,,Vlan
a5504305f5248e4615840a98dc962da6,GHO_HYP_PROD,,Vrf
ffb9b162ad9b275730521df721afdf11,432,,Vlan
f8cbf140703395d97352d39e8a5ff217,SharePoint_UAT,,Vrf
ca9945b0fedd258b0709728514fafca1,433,,Vlan
f0678c15eb8be31d1debe2955fe8fdd2,GHO_SHAREPOINT_PROD,,Vrf
4553d9088ce2cc68e333f041fe48ad29,434,,Vlan
c04610a1745cc7c1ca33a1dfb978c2f3,DM_TRAINING,,Vrf
2750c56da6b5b91ef6910f20b993b76e,435,,Vlan
0928ee5ed7e8ac863f3403f998987ecd,DocMan_Test,,Vrf
69e8ecbf6a36b6af9255b0e8f8ea13c5,436,,Vlan
d32700d445efbe5b094c4fc523b6ac75,GHO_MI_Reporting,,Vrf
4eac0d75ce3d20ff5423f4512e05197b,438,,Vlan
356d32240ef3649fa9bddc69f85446e6,PREPRODTS,,Vrf
c8bb60366bc73c29037c6e409e3b28b8,439,,Vlan
cddc9d328e66ab0043760ebfe0f7395a,GHO_PROD_TS,,Vrf
c5b74227bc6e1eb4a474f49d2aa5a875,440,,Vlan
07949dbdbaa97498dfa6998ab74ed051,GHO_APPS_AUTH,,Vrf
9a0c571054d977083acd4ba347620816,510,,Vlan
5680a936a46d029b60e84f03ee4c7a96,SMIN10,,Vrf
5a243aa5917ba719783fd2aa892768da,511,,Vlan
e4b2e23b31ff30752385e84c5eca9386,SMIN11,,Vrf
2726b0873b1d0a4d062616adb5ce882f,611,,Vlan
7ae93e5eea9bd79a8daf0feaab247805,SERVER_VLAN_611,,Vrf
4478ba998de2b3f92b8b896188e79368,612,,Vlan
cf73f9d55b04f541c7616420e50395f5,SERVER_VLAN_612,,Vrf
6ae2e66b3dfaca6bb6d02e5717dd42c2,613,,Vlan
98fcf8ec93160396d8ba58f8bdb457b3,754,,Vlan
da1664214278dfd11f070c1e80f538aa,PROD_TEST_VLAN,,Vrf
793edfe9a8abfe1649a2fe30f4bd0479,756,,Vlan
77517b2759dec171b5da99924a926140,761,,Vlan
8b0dc60ebaa6a91657f26025745a19b1,762,,Vlan
e8c17ed123cf50b4effa6f3f63d14bf2,763,,Vlan
83de5690a87f2acd4312228552605bf5,765,,Vlan
da7f052d8f837c327c3b2f79ac71d71f,766,,Vlan
63b82cbb1e4b6d82ffe7a8c6ee7c3524,767,,Vlan
0113430b0f045de18a60ab2135c747e0,PROD_CORE,,Vrf
570e8d6d0b99dcbf624a474c651420af,768,,Vlan
2116a00cd95545d6da6acd17144d9974,877,,Vlan
ae158ac0197851dbe5476c597f636d21,NONPROD_TEST_VLAN,,Vrf
47aad5e4fd388041033708ee44219b08,1016,,Vlan
056ff478ec7664f194902b55e3d515bd,1017,,Vlan
434148d456a29663118e86b0e64f9fcf,WI_Trust_Zone_Test,,Vrf
947fc73699f2508de7a4f666799adf5d,1024,,Vlan
b17cfcb9bc842ee25fca6eafe8dda102,1032,,Vlan
e4a5d56d0bdf1c6c04a61364276f4a0b,1033,,Vlan
b03003fb926691ecb81a1a5cecfea0b1,1034,,Vlan
6109e8523296cc91c6ced78420d46608,1036,,Vlan
93719619d73dddf5d622f8f61e4a0af9,1037,,Vlan
176124e10aed06c3fc4e30fd2602191c,Avaya_Voice_Services,,Vrf
9ef1373632409dd6826113a1cb41c202,1039,,Vlan
44cbaeda1b118f3e6c34f73d5bc8e5ca,1041,,Vlan
c6134515aff7dad31cb779c778c8b04c,1044,,Vlan
14d47b3aa6bd99004a81b38003cd4471,1045,,Vlan
35383539425cdaeb40f556ce697fc40d,1056,,Vlan
50ad9fc1b07446a26b9fe8d26ef34ded,1057,,Vlan
37636c5c7dd1e4a7bd60fb65d539c336,1064,,Vlan
9534cfde25d7f3f57259725541576ed7,1065,,Vlan
2bdc26138771e3d7e8bb5698d3772360,DC_Soton_TestLab,,Vrf
dc86a81b950de5c9c7ec17aece21a528,1066,,Vlan
c0f15b0a7c2ae232891091b1405e9308,INFRA_AUTH,,Vrf
123cea47fcf91bb60bf738a7fc032444,1067,,Vlan
743cdd99b63a775683feea4ae3afe9d4,1069,,Vlan
c20ee5c651b72041add716ed06d4c292,PROD_DC_SERVICES,,Vrf
0ebbdb1aa5d63e19ea7025e7cec44022,1072,,Vlan
26c902024ef104d0336ff5713b4a1e52,Remote_Mgmt_Prod,,Vrf
1ed1e1f1d272f3696aa5353a27480c71,1073,,Vlan
cec3d93a1e3533c78beaacc7e369aefb,1074,,Vlan
29c6cc8a3d3ed33980c51e5a999f6c9a,SHARED_SERVICES_PROD,,Vrf
d9131d1e8f86ebc47f3f891a695900e8,1075,,Vlan
af6a995092da361954ed002dc01abf8e,1083,,Vlan
d21476fa6405cd5cbcf9606a79766fdb,1087,,Vlan
7e8823f1a8b0a5ac89846a6600a1d036,PTP_MIG_EXEC_MGMT,,Vrf
f8136696d7439aa53f17c503aaf7f4b4,1088,,Vlan
806187f73f25813d999c0cec884b4511,PROD_WEB,,Vrf
5c6fa14f30399fdcc06ecabf1b45cab2,1089,,Vlan
5cc8f8091d8e94173f54bef8a91fa02f,1092,,Vlan
03b03246a0cac51acc9a8eb2c32c8c60,PROD_EXT_WEB,,Vrf
d634186350f2f822c3f1789815ecf640,1096,,Vlan
2139b9ea4d7449c735882b52bb4cba83,PROD_APP,,Vrf
c81d7586ce5ef283367f05a1d3640b7c,1097,,Vlan
0456dd7a5ddd747d29aa549632ee859e,PTP_MIG_EXEC_APP,,Vrf
d2eca368d798bbe80bcfaf6edc8a704f,1099,,Vlan
ecfa16580cc6a45bd9c78802f00faab1,PTP_DRS_RHRSL_WEB,,Vrf
66e60f88cb40d5825ea45ef2dc154865,1100,,Vlan
250c80cef5fc24522cb4d0df0e2e94ae,PTP_DRS_RHRSL_APP,,Vrf
6991c3ba0c188b3f9af7d93f141da7a9,1101,,Vlan
154802e7285346a32b129ed8d0e089db,PTP_DRS_RHRSL_DATA,,Vrf
8553a3364059e2bc061194f440e45049,1103,,Vlan
8402a96605f42ab157ea50aeb48a37c4,PREPROD5_APP,,Vrf
ba7b28fa8ee23278e3144d92a9206935,1104,,Vlan
ff0d5bb0fddad85be0286611a2afbace,PROD_DATA,,Vrf
56013dcc251ccc8f074dc2ca3b57283c,1105,,Vlan
51f997474100e8920d6001e9163521da,PREPROD5_WEB,,Vrf
09d626a1ae2e58e1cb8521f2039fb199,1107,,Vlan
24b5926c43456bbdb8ef0a0f93ab67d9,PREPROD5_DATA,,Vrf
2560b6ff494370a525041810094adf68,1108,,Vlan
9a8b6914b0ad9be8cb00b6fe63712392,1113,,Vlan
844d895ea09cd6206274448985c32d8d,PTP_MIG_EXEC_DATA,,Vrf
ae9edf79ed5353704e4d4e1e8ed4fed0,1114,,Vlan
2dcc1ee68df47dc56ba3990f5347cf56,PTP_UAT_WEB,,Vrf
56c41f92c5717ca482eabc84b2607ade,1115,,Vlan
9c3ac23d78c95c7553c4fb9d69f622c8,PTP_UAT_DATA,,Vrf
6fc36776f0e25f3d24c3b1f3c180f734,1116,,Vlan
5d3b9fd28c29000bb947dfaf347fed27,PTP_UAT_APP,,Vrf
2540656a598c380ffbf74ff409bfafdb,1117,,Vlan
62362ff764205e93bbfba3a5f613187b,PTP_SIT_WEB,,Vrf
c1bf6148580d475baeb0abdbb5fe7d74,1118,,Vlan
79517b6ec24ae79904243983df6fa8ba,PTP_SIT_APP,,Vrf
b24413a29829d1a062f958d4d2bd9e6e,1119,,Vlan
cde76fb637afb3dc76541c635cf65eda,PTP_SIT_DATA,,Vrf
49748bb0202c08899e382afea37dd2ff,1123,,Vlan
0d57d44981ecf171842015e40ae3403c,1124,,Vlan
5f2f1604e9497fe8dc995b7fb249baca,1125,,Vlan
2ee0d52a2b36a8fbba07ea3a76389b15,1126,,Vlan
93fa517ab160c519d06df119a0b3bf6b,1127,,Vlan
50a9b17eee78d7c77636dcbe71babdd6,1128,,Vlan
e4b6d6e522463d70b5a57a6b367bffbe,1129,,Vlan
3afad6ea7ac2711fe5738353bb75af52,1130,,Vlan
08373b0a90329908a6456399420bea99,1131,,Vlan
b8a0b66d6ff8a55ef72e5c0112309832,1137,,Vlan
b601db1c492f13638f3d1af034b21448,1138,,Vlan
ef9e0953be43b26971f3f1ec1bc7c36d,SHARED_SERVICES_STG,,Vrf
2f4356f0f3c2fa52d4853ad41a287c7b,1152,,Vlan
4961f2ece813df28c697403c2cfc859c,STG_WEB,,Vrf
d36800cb3aa8b49d2cef1e1eb7fc5075,1153,,Vlan
2d04f47fd3debf45d069c490b2b3054d,1156,,Vlan
8b62606d1ac820eab66a8ebd67fe3f6a,PREPROD2_WEB,,Vrf
55fca4c3a35bee77615ff97c4cc10320,1157,,Vlan
b9dc6743e53cfdc07e156e2b7b0e2e71,PREPROD3_WEB,,Vrf
c42b7487313609784df914022098a547,1159,,Vlan
e76a73c35a4f1a0b2e544f82a21f4fd8,PREPROD4_WEB,,Vrf
51c9828dd36846483269ed5c6c56e50e,1160,,Vlan
91afc22de0c40cee47e2217d87edd359,STG_APP,,Vrf
bb9db8c7972f90b1947bfe8dad6f218a,1161,,Vlan
cfb191bc5078d032b7449a954c5f54a7,FT2,,Vrf
e325fdd54465ed14e48e97fd32cbde93,1162,,Vlan
feb300b2451d9bd50451da1997eef46b,1163,,Vlan
da26873dabaab5ef3bacc859041159fc,1164,,Vlan
5a3c1969204c83f2428e0dac6d673aaa,PREPROD2_APP,,Vrf
0ac0d4a66149dc0ba126d39ddb1b2aa8,1165,,Vlan
f34e85a6c2b5115415cba58ca7af8a13,PREPROD3_APP,,Vrf
d37565d2585aa45094c139cca6975002,1168,,Vlan
a3db54a510822deb7419769d9dc4f66f,STG_DATA,,Vrf
09a3f86aaa5dfb96466c20ae8e885279,1170,,Vlan
13ce690dab9e70f302993ba0fc2c6c8d,PREPROD4_DATA,,Vrf
432f9b40af02e88659d8633ac0c775f5,1171,,Vlan
b40be6b8192eeb2580277898bd544aa5,PREPROD4_APP,,Vrf
974be5d9160c0a0b061357a13c2c610a,1172,,Vlan
b48d39c342df0f9a60540864ca2a506f,PREPROD2_DATA,,Vrf
71604e673c31b3f02fcc444057f834ae,1173,,Vlan
9da8f406b1cbe0754a81995a7b6d0fa3,PREPROD3_DATA,,Vrf
f1230d65c040a3908f1b33002daf5b0b,1174,,Vlan
afb58e51e9d5b2f27725d93aa79f3c82,1182,,Vlan
8e3710eb2157f8b3aa5640afaa2b2325,1189,,Vlan
548880c199ff56ef6db11e3419960325,EBT_QA_MGMT,,Vrf
0fc150737aa9c71dd2fd421077acffd1,1190,,Vlan
72ebf530793e2410260b5de93d8b17c3,EBT_QA_APP,,Vrf
e8d351b9d716b6e72b7cae4d46c7fb08,1191,,Vlan
33b89c86ddf7388ed45edae56fa385f1,EBT_QA_DATA,,Vrf
05da9cc3cd2bf7a239ca02f8b81873c5,1202,,Vlan
a336c17168bb1699723fdf563bebe887,SHARED_SERVICES_DEV,,Vrf
41d963d931b839dff03048e4bcb5cd54,1208,,Vlan
f7f718a6a0004d77a8e9e4d4cb26a969,EBT_DEV_DATA,,Vrf
7c02463ebab6278f8686dce36cbf431c,1216,,Vlan
c7b64fe2bb7fd99c922a2d298841a502,DEV_DATA,,Vrf
b85334b0cf45cdb72095c7f5f2fcac76,1224,,Vlan
fd6b3704edc41e93e4b929d3fe5006fd,1231,,Vlan
61cf00bde41d5fa66292cf11ab57711d,1232,,Vlan
f23410d7d5e075f97d4ed141846ac906,1233,,Vlan
ecce6ce25372014e3b80a7fd6d35322d,DV1,,Vrf
eba3f74739fa98024679e04514f4a276,1234,,Vlan
cdee23f69e9c6b2833290d8ca1e92ed7,1235,,Vlan
a9006c804c19461dc88024c662406749,1236,,Vlan
a84850ac67d4f26404cc77b53827a480,1238,,Vlan
abf82ac17e740562cf3b05d9ccc7066d,1239,,Vlan
2d5df810a6b301ca4779d0cc20972441,Catalog_Partner_Filemaker,,Vrf
a22a0b32cc6e3c1a0d8dd16c455474c3,1240,,Vlan
4177849a11f63a89638547f07b86c098,1249,,Vlan
83e258febf255ef855d99db4dfdd3c68,OMI_NON_PROD,,Vrf
492df90081727fffc8ac59f4893420d7,1301,,Vlan
86fa152b9734ba2e01843b02859519f0,POLAND_ISERIES_PROD,,Vrf
cebd83c97387ef06226941314c6a2ea0,1302,,Vlan
b4139cb9717b9b7100f708574fc793ac,CAPSCO_PROD,,Vrf
2e1b6cd61b7b6eb9fad88c132976d13a,1304,,Vlan
b28a0b2f508383d2b7e74654bf933265,WM_PROD_ISERIES,,Vrf
1f9d2a2f910dffe23da77263d47eeb4d,1305,,Vlan
0f41993159f699d1783386fcfa37d745,1306,,Vlan
9f8321ad6f7368bed06919e70e28104a,1307,,Vlan
451fd4b356d5b89ed418fcf8b8e3590a,iSeries_PROD,,Vrf
f21d3fd7e03c73d78aae1e211dce7084,1308,,Vlan
fa112907055fcae425deded76e67abca,iSeries_NON-PROD,,Vrf
e3183a18cb4eb80438273e8d19da9eeb,1309,,Vlan
a15ca03644dcadfadd86432e5593e5e3,JDE,,Vrf
ec93565a2344052467ed4fff0634645a,1310,,Vlan
18c561d090ca78a0d2a9be57c7feb9f3,1312,,Vlan
fac23a33b2224e2a96dd3b1ce24d6eb1,1315,,Vlan
5d4a70a4a8e1832f64895f673acab749,1316,,Vlan
774839d56c7df39f8a424883b7429444,1317,,Vlan
13486a49f735dc8437b3f77947a538c0,1318,,Vlan
40d04ee77da518ce184ebdba965b3f53,1319,,Vlan
faf3e08d59de216bddf01fb35e21204f,1320,,Vlan
8d22ea0951943628328588393cc0ed34,1321,,Vlan
667daddf1e935774eca663c4089249ab,1322,,Vlan
a9efe5267b913817f7c942c30c6c4153,1326,,Vlan
d8b763bd97368661a04f821f4051c02e,1327,,Vlan
39d210d33daa75a8adc3c458cb0d7c65,1330,,Vlan
edbdb0183ec2ac1d537f4f0c7115b29c,1331,,Vlan
01dac3967e8d541a26c0fa258059122a,1332,,Vlan
aee91cd66e1d21fcd42e76bbe68c1f0e,1333,,Vlan
2c4ed815e97ece77c5e9af427170fced,1334,,Vlan
27fd0b0004ce57af79c1e557c2cfbd2f,1335,,Vlan
e276d7606bf64fb621b3d76b5da2e846,1336,,Vlan
a6ec5f08ad891c3d3082ae998dd335d2,1337,,Vlan
999487927d56fae314b4d6582c4f2200,1339,,Vlan
f042204301a68f27f987a83e1294a4e4,1342,,Vlan
554d1e80660a4841720b89f39c1a88b0,1343,,Vlan
657a3deeca55023a44bb4209de6adb58,1344,,Vlan
ac41a78b920ba99276775bf734d3321b,1347,,Vlan
ccdbb1f3a9cff32dc4e5981d99936f5e,DEV_WEB,,Vrf
283e3109bf96eeda31c0cb34426aa5e0,1348,,Vlan
bc4fd1aa1ce6bb586de8c193a8855a92,DEV_APP,,Vrf
fd7d77ef930ce36d8a565463822dcee6,1349,,Vlan
967464982f5ab937946fd4cd28d2a44b,1350,,Vlan
d436310d309bd93a9a9d709e4486c566,1351,,Vlan
c1788f122f8575acfbb29f50d9b62756,1352,,Vlan
d1cecd8bcb08ee33a99481d287f2e112,1354,,Vlan
e0ab14b6efb2acc50fcc467579deadb5,1355,,Vlan
b64bc0ff76975662a6ffd548b97f966b,1356,,Vlan
68d97f7c1dfe5e704cb6b2a55ced9537,CAPSCO_NONPROD,,Vrf
aab82937d6e3ec11ddd573e893994fa2,1358,,Vlan
09296cd3d875ce23d474abb148be1a62,UK_ISERIES_NONPROD,,Vrf
bcf5b2a807eca3e12dd2632d002efa78,1359,,Vlan
59e1e9f63437a196edefc617e86cdd81,1380,,Vlan
1e114b4b5f4441728ab8019a125c1c1e,1381,,Vlan
bbf28b069e801811ee39272b48b0b41c,1382,,Vlan
e77c307683d3a2504315f6d86cdb33dd,1383,,Vlan
8eba97101fa38feaa8334d4bd54d4951,1384,,Vlan
75b114d846857d18fcf221998217ed97,1385,,Vlan
c05680f1c6c81adbec050653a00a4e41,1386,,Vlan
0642a77dcac4cfcee59d0de9f02b33d5,1387,,Vlan
597aa4363040f00f061183209656f30b,1388,,Vlan
e265ee924f00e599db56d649accc4cfb,1389,,Vlan
7e167e40863efcaca4dcae558f1a98f3,1390,,Vlan
bf7fb6246d1324175d40d456044de7da,1391,,Vlan
b500f0d73a78c3e23f17faf9252a9ae9,1392,,Vlan
724f9d653dee6a8c9e5963719686b75d,1393,,Vlan
6c9cfdabcce16692d9872b395f4c0188,WAN_TEST,,Vrf
16b7aa5925a7e69193a1aeed38092945,1394,,Vlan
f09c1179cc305aca108de200a1b306d7,1396,,Vlan
3b166ded2055f3a02a370bc787e66c03,1397,,Vlan
5997522bc4c732ef081b8ec0ae3b4407,1398,,Vlan
2f28f034e0c1bd48b4d1e25ea8756183,1401,,Vlan
d5e6eba2c510187e85a310a3a5c65f1b,1403,,Vlan
461da85dbc95fa0f90d1b6a65c2e96b3,1405,,Vlan
c12c7fdc2aed2926b6a706337761ad7f,1408,,Vlan
5619b630b219aa4045e4aee605d6ef61,1409,,Vlan
ae58e9f4c133498d353484a4525594d7,1410,,Vlan
3b82201e84b0e3eda040ed13e513c28a,1417,,Vlan
01396636a0208a1fdefed71fcc1488f5,1418,,Vlan
67dfaba23725332de7561d22b98c5da0,1419,,Vlan
42fd03fc4b5c67d605ef5ca12e33bc47,1421,,Vlan
fdf9e1a61e1affa2aa4980daf2a8b632,1422,,Vlan
0e5bfa75eabdab64a8c77ad83ff7754d,1423,,Vlan
ebe671c4e40312390504a4c8ecf63e82,1424,,Vlan
ba0a115db9d812ba9592f71949508617,1425,,Vlan
5690cffc2df604f887920538a0ad9e20,1427,,Vlan
f7d8763282c50fa09804ec92fdadefb2,1429,,Vlan
87f438276a9b4c2c7185b450fda52155,PROD_3PAR,,Vrf
da80f427bbe5d2db0061d89fbceb826c,1431,,Vlan
f9c4d0979e09c898b46d096874fab19b,DE_non_prod_iSeries,,Vrf
ae8170ea874b4200caca5fc1fa480725,1432,,Vlan
a8a13cc87716901bc421d3f1da05b992,1433,,Vlan
ca8ba22f0e5bf0861db5567424cac459,1434,,Vlan
8ec838b62150fabb5070818e85f69659,1435,,Vlan
dea3ad59a22ae522cd019b3983852697,Diligenta,,Vrf
c99c42b59a1e1bb1451fa677e9c8c078,1436,,Vlan
9fda02488514a1a035c38c107528dadf,1437,,Vlan
ae8b708250d02ba1ec933702572881df,1438,,Vlan
1a853d74c8e9176766f3e180a2bc4671,1439,,Vlan
a4f00ebaad0eaf5f249272fdffcdb795,1440,,Vlan
268e221e2ef8fca0bb2f109fee0603af,1441,,Vlan
d563b7f5933b731709888dd982987931,1442,,Vlan
08c80ffa609f2fbc0313cb559cb480df,1443,,Vlan
2c08955405f4be3726b3c34774d591d8,1444,,Vlan
486937f1c5550925efe4975a5af2f33c,1445,,Vlan
03dbfbf14db8b4f7667e525c385fab06,Catalog_Partner_Milestone,,Vrf
1af1f734826783994c19972f57e50a0c,1446,,Vlan
b651e7bf07e47074efcb2a7404e31dbb,1447,,Vlan
058770a09e0e2de8dd626f70355ec46f,1448,,Vlan
4d169c13b8c7e4553744eb58c4560827,1449,,Vlan
6ecfb7b1ee43bd44d9400f5938a3396a,1450,,Vlan
f857c024a463dbba0153484f3724d2f7,FT1,,Vrf
e972fdddbf045937290ccdbb61432629,1451,,Vlan
1ceb0bdb7d59d6766877050dd761eeb6,1453,,Vlan
3b8ce3991b230bbabce52f45d85f31fa,1454,,Vlan
4f0b3e1e319b93fa6394a975fabed72f,1455,,Vlan
e183edd086e47e4276486e8b33ecffa7,PROD_EXCH_REPL,,Vrf
e9756efef378e64e5b7f6b37f0374a5c,1457,,Vlan
a2d0559293f65ff3ba4ce9928bcd9b6d,TEST_VLAN_1579,,Vrf
6be6f08543a48fb11f6bce0de0db9e12,1458,,Vlan
26426b8ad9e7ac4734565953a1b869a5,1459,,Vlan
22fff5bc74724047bf6307afea819b4a,1462,,Vlan
33f484f442aadd485fada14c650125df,1463,,Vlan
0e87798d725c967d00ad92d06b54649a,1464,,Vlan
18660bc64038d4e45b1e3aef718e5cf8,1474,,Vlan
69e547e4e63c77216b3c8f81ddf3eee0,FT3,,Vrf
d3faef554bfaee1bfed5366f636d0409,1475,,Vlan
3c7b69f469e595ee7d9616f1969d4852,1476,,Vlan
a27890c21c8756ac72155c399dfb874c,1505,,Vlan
a50fdfed1eff155799fb9abb1f430969,1506,,Vlan
63c341540575dfb7c478c93983cb32f1,1507,,Vlan
ec0d24fcc3f0c28ed63b971fc11bf7a9,1557,,Vlan
3aa026f5881f13681f459f212e37bf9c,1558,,Vlan
0ed14ca4dea28a6331816da91752d867,1562,,Vlan
a76a6719d7c9710598c6e36c334cf85f,1563,,Vlan
ea86f34ab7dbe45eea93a210f7e12f07,1564,,Vlan
7da979506e81b1d4cb62a738801058d6,1565,,Vlan
beaf7195e41c622b3a9e8a7335d455df,1573,,Vlan
8aad8ecc9da26fb449967b4b399ce7f8,FT4,,Vrf
216408291f27dea4978f036044ed13b6,1579,,Vlan
279a1a6e67dce9ac07f6594c9ce22b55,1716,,Vlan
20ebc6854b55fdc3b69ae5e0562473a6,1719,,Vlan
ad15179283d4a51bdacc1298d22201fb,1722,,Vlan
c2c512b058ea174078dc29bcbd6cc3a5,1723,,Vlan
7f6b4626ca9c1cc5c5a71ab49ca22ba5,1724,,Vlan
b68a3d74018f1028d92b9e01477eec3c,1727,,Vlan
7d28072bc423399ec494b5c6bf0c04e6,1732,,Vlan
0ec4c2108abc9d04e579a231c26e408b,1735,,Vlan
7f4480564c22b11f3fff0e8893e931c3,1742,,Vlan
2ca9f4385ff14de81a806b7cb2fd40b9,3048,,Vlan
abe7586115600d971a3c838e0e26c0de,PROD_GHO_VS,,Vs
d8e3ca64977a7d00456f9ae60302a413,480,,Vlan
8d23e2e6fbf548d1a5fc5d8852ce80a5,772,,Vlan
11754e030cc85e9e206c9f023a5c8a8e,PROD_CORE_VS,,Vs
bf5a2258a927307e74b3982194be1adc,769,,Vlan
e382074f5d2e9c8acd06b907d160a5b5,677,,Vlan
88ea905bb51700f7b06ab41d847e89bb,MGMT_VS,,Vs
03a5531786904f83bc57832299e7d8f1,62,,Vlan
f3db1ab114edf056ac919b1fff2d283c,1537,,Vlan
790063ed0659d314a138353894f3d868,1577,,Vlan
fa6cdfb752ab16aee505d671fcbe58ff,PROD_DCSERVICES_VS,,Vs
1c88dd4bb739c6397eb3c2a642eb09df,1576,,Vlan
e26b3f8e0dfdbb6fe1125a85df1a09a1,1473,,Vlan
946f725e05435606e11d41b55c5dcc52,1472,,Vlan
4d7c25d38df8f61875f155c76661493d,1102,,Vlan
70fa88ba4896f13d135ae2764aa57a26,1510,,Vlan
6fc931b2922c35f56b06474bfa66840a,1415,,Vlan
95421e34b301bb44b5157e77a3b12ec8,1514,,Vlan
cb9fb3bc8def96c318ee5a5f0955ec68,1515,,Vlan
91a092ab0fe6d8c3229bc8a8e2270348,1519,,Vlan
23a89ffffa893afe1c7340612439f6bf,1518,,Vlan
b740fa06c8fe97d33bb67d0747b2ed99,1517,,Vlan
1cb3052801868ff40f0f07a7195f2e9c,1516,,Vlan
5a48dae92f75c10124634f8f7be8fb54,1513,,Vlan
71a3d43cdbc4004070562d413a3456b0,1512,,Vlan
aa33e14696994f12e05ab3ff62c0c41d,1511,,Vlan
b06340557f54d2b50c385e946f0d3787,1111,,Vlan
e2d2e60c6cfab41dd200e3a92f44c061,1411,,Vlan
818d39cfa6785060a7989695b2943a93,1523,,Vlan
1325ef57cd0dee6f770980c4481a4b81,1592,,Vlan
ed671324c2cc679f08fcbd6b736ec5a6,1094,,Vlan
53eb9951e554dbb5be8456544ec74dcd,1528,,Vlan
a79a349a608afdcafa9e9502a96c8d1c,1120,,Vlan
98d38f60b3515df69a582fa1c13b74d6,1095,,Vlan
e1caa8864e634763276dcdbae7182a0d,1525,,Vlan
adec9da9dc2f7810a8720f9769acfcf4,1527,,Vlan
5ce351ada64788249f19379c604532be,1526,,Vlan
75f9f386435a46838594458515672cf1,1524,,Vlan
8bfab4fcbff2f2810bed524982351071,1521,,Vlan
78ed48ffaf3cf5242477f3fd4e14dbd7,1520,,Vlan
f1b95567efd450c532ae5c14c0cebea2,1531,,Vlan
429ecb69d8270458035dd866e037af60,1538,,Vlan
1b6576dea6df56863c90fe614c747550,1543,,Vlan
47690fed165bfe071d0c994767d83cd6,1542,,Vlan
5288241b365aa22c9dba0b3f701067ed,1544,,Vlan
6af5870de81f25f146c43431229f6af7,1546,,Vlan
cc81dca534a1b7c7f49b15a37b5196c7,1545,,Vlan
b6a2b3af700ff499ebb96b6ee9b718b4,1541,,Vlan
1dbc2e6e9344a32cc4c8617f9a2bb48b,1559,,Vlan
2fbede2807ecdbed30489c9774dc6301,753,,Vlan
11ae369e9ef719fd8ed6108ee693e3a8,PROD_CORE_VIRTUAL-ROU,,Vs
ec192223b62397de325d2e9901247c3a,1313,,Vlan
fee8e786b25bc399cba602e8f9b5a569,PROD_PERIMETER_VIRTUA,,Vs
2d66dd1fa10e548729f2ada6a9279203,1109,,Vlan
8a760e715f7414700a56adf9fddc3784,PROD_PERIMETER_VS,,Vs
c896d7ed941c58a8c1e1852049028f32,1536,,Vlan
3e66bfc5c3388b81113b6a7a2244f50f,1535,,Vlan
0ece185e699be6791ee03b59d732a75f,1121,,Vlan
ef2e291ff449ecf8ad0340dab84d4a4b,1329,,Vlan
2f8d03108d3ea6c5a42f14dd1c8e5d56,1540,,Vlan
3faa989fec79d277d2f910036814d12e,1578,,Vlan
bf24c94c4dc984546733c42739705b34,1575,,Vlan
eead1f15f0162bb1b0fab8970229ec3b,1574,,Vlan
008132123c29a1e49744469f79cfa415,1572,,Vlan
b3bb424f0ef7545102b3b84fb940e0ae,1479,,Vlan
1cf24cf6938989cc659a69ce20caa931,1478,,Vlan
f7fa6ec6ef8b63ef1ae6cd5c0cdff03b,1477,,Vlan
610e8bc984cd3bbbb57454cf30c160d9,1166,,Vlan
b83aadebd0e2f60d0391550c119e4149,1568,,Vlan
b16ab5b5ed22f1c69e0714630e22c14f,1567,,Vlan
ed123c15d721ae47db5286ff39f46e76,1566,,Vlan
5a9c125d927353a7f0ff08769af6be49,1561,,Vlan
96d855dcce10bf35584a82421c2c8868,1560,,Vlan
b810b9b92208f0121380d192965ebafe,1467,,Vlan
6a1a74cc4b3078ad0ec6030492a7f6b6,1490,,Vlan
1093993168a732ec78f4b7b274d924f6,1465,,Vlan
f2f8795d0fb64505a8ca6569865c6481,1488,,Vlan
65afd88352a4f5d794d13750aa19ec28,1481,,Vlan
7dd71d82231211dc85d959425a1bc7ef,1489,,Vlan
e1c0004637b390dc0f63f05e0e96ab99,1482,,Vlan
5fe77e32852ab03ce17bb2bb2550651f,1483,,Vlan
f8214fb1365abe1c034688f8223f0c34,1487,,Vlan
f899d72f096755e1988a717fab6509d8,1480,,Vlan
33531f5232c1924089771b5f5e3c3048,1484,,Vlan
c29cc677c3584e8b82848306f65da0ee,1486,,Vlan
42cc2ee360fe64ab83cd9e5ef8457651,1485,,Vlan
2ff404a86e2d0e29241accf1bf0d48a6,1416,,Vlan
216106aff924063c9772f1413a7393db,NONPROD_EBT_VS,,Vs
2b83a7233f38068319c1bfae917dabb0,669,,Vlan
870313182185722febf32cbfa13e69df,NONPROD_CORE_VS,,Vs
cc9537167888237644a8543e96b147e2,657,,Vlan
e7d8db3fa115d5216025f837954b3e57,663,,Vlan
fef9bd3339e28a83d395d711a877233e,675,,Vlan
02a83aa9e9763229edfe8c29117a058a,659,,Vlan
3f2857be7fd55b51b88aec4311daa758,651,,Vlan
88439f9c6394bacf2d8dbc5c9de45c69,665,,Vlan
5a86bb658365bd592dfa8af783c55a55,49,,Vlan
6310532d3bb05911b6be6271e0f5901e,759,,Vlan
ac9ce9f546996816682ee29ceb55f330,3000,,Vlan
703804ba1d453f98b19a6971efcfbfda,653,,Vlan
6d3e9153441e626d46541caf6b4e382c,671,,Vlan
bcaa67b1822b80477510c04d919d0055,661,,Vlan
3ab9042bab6e90456930ef561aebc377,481,,Vlan
f86560c9902d7e38bef6e1e50d867346,NONPROD_GHO_VS,,Vs
d9a87576a7dbe842dad284b7db77381f,770,,Vlan
381cb3056ef571ca4a7b6df413a16639,1177,,Vlan
018bd38c9b3c7dba26bfa5b52d76cab8,PP_DC_SERVICES_VS,,Vs
6e97b809581391fd2c0bec6a139667c0,1176,,Vlan
2a2cdb52487d276b92ff063a07ea914b,1175,,Vlan
cba8a55e3cb3fd037abfaeccd5363c3c,1179,,Vlan
7facc5bc7a25debf95afc4d25559bcce,1187,,Vlan
b29545e7580b79001228514f8cc1f2ba,1186,,Vlan
c34ce5a464f0fe08c7bb9de4f6bb774b,1185,,Vlan
6f72475314aee2b74db270b003bc1b0c,1184,,Vlan
de4699ba6ce06e464dfcea21d13662f5,1183,,Vlan
68bff3d6970143a7a15edf247af560cc,1181,,Vlan
5f6260882092628a6fdb733c84d35bd4,1180,,Vlan
0dd13fff8362cdb6757d48ba7612ac16,1195,,Vlan
5d326bdadf85dfcd56d8235a72865eb3,1194,,Vlan
5861f8e228edb328c50c123fe27850a3,1093,,Vlan
c14e266a3cddcb9c67d999603ab59ecd,1169,,Vlan
52e3ad660df9bcc996f280f5c59069d8,1167,,Vlan
d70aef2f689d2d9834e21463c172e746,1178,,Vlan
a7a74e5f2a1a93a8861ea2f67861b61f,TS_DC_SERVICES_VS,,Vs
c857dfa8c2c65f8ab2627ed3f931c50f,1188,,Vlan
e822eea4522bc605eabc842088af60ec,1594,,Vlan
a2302ca056838644fba178f1326c06eb,1593,,Vlan
25ed281c3bff9a91cfd2fc70e2aee246,1591,,Vlan
369bbf7e3ccad428f085077faa923eec,1197,,Vlan
c288f6a3b73715b8671d59c8cc653c01,1193,,Vlan
c4ceac15ffe5b3b6ae032a707c35d18f,1555,,Vlan
81832783d9d0695673d7f244310d4e34,1556,,Vlan
aa300711127707a6070acb6b9d94dc48,1404,,Vlan
ee80c61fce16c8f51df40dbf22db5168,NONPROD_DCSERVICES_VS,,Vs
6700b130b6a1434276f3a169a9bdb766,1400,,Vlan
92a1501b273f76c77f34277e74f7d035,1470,,Vlan
d85be81a7ffec1a73b2710c3781a766e,771,,Vlan
f396b2cb4f09db0fc736287e6d6166d5,1158,,Vlan
43cd2ac212412eff8e74681e188a24b2,NONPROD_CORE_VIRTUAL-,,Vs
